-- phpMyAdmin SQL Dump
-- version 3.1.3.1
-- http://www.phpmyadmin.net
--
-- Host: localhost
-- Generation Time: Jun 27, 2010 at 06:21 PM
-- Server version: 5.1.33
-- PHP Version: 5.2.9-2

SET SQL_MODE="NO_AUTO_VALUE_ON_ZERO";


/*!40101 SET @OLD_CHARACTER_SET_CLIENT=@@CHARACTER_SET_CLIENT */;
/*!40101 SET @OLD_CHARACTER_SET_RESULTS=@@CHARACTER_SET_RESULTS */;
/*!40101 SET @OLD_COLLATION_CONNECTION=@@COLLATION_CONNECTION */;
/*!40101 SET NAMES utf8 */;

--
-- Database: `vngrestaurent`
--
CREATE DATABASE `vngrestaurent` DEFAULT CHARACTER SET utf8 COLLATE utf8_unicode_ci;
USE `vngrestaurent`;

-- --------------------------------------------------------

--
-- Table structure for table `dm_douong`
--

CREATE TABLE IF NOT EXISTS `dm_douong` (
  `MaDM` int(11) NOT NULL,
  `TenDM` varchar(30) COLLATE utf8_unicode_ci NOT NULL
) ENGINE=MyISAM DEFAULT CHARSET=utf8 COLLATE=utf8_unicode_ci;

--
-- Dumping data for table `dm_douong`
--

INSERT INTO `dm_douong` (`MaDM`, `TenDM`) VALUES
(1, 'Sữa'),
(2, 'Thạch'),
(3, 'Cocktail'),
(4, 'Chè'),
(5, 'Kem'),
(6, 'Sinh Tố'),
(7, 'Nước Tinh Khiết'),
(8, 'Nước Khoáng'),
(9, 'Nước Giải Khát'),
(10, 'Cà Phê'),
(11, 'Trà'),
(12, 'Các Loại Đồ Uống Khác'),
(13, 'Bia'),
(14, 'Rươu');

-- --------------------------------------------------------

--
-- Table structure for table `dm_monan`
--

CREATE TABLE IF NOT EXISTS `dm_monan` (
  `MaDM` int(11) NOT NULL,
  `TenDM` varchar(30) COLLATE utf8_unicode_ci NOT NULL,
  PRIMARY KEY (`MaDM`)
) ENGINE=MyISAM DEFAULT CHARSET=utf8 COLLATE=utf8_unicode_ci;

--
-- Dumping data for table `dm_monan`
--

INSERT INTO `dm_monan` (`MaDM`, `TenDM`) VALUES
(1, 'Bánh'),
(2, 'Món Nước'),
(3, 'Phổ Thông'),
(4, 'Nhậu'),
(5, 'Loại Món Khác'),
(6, 'Chè, Mứt, Kẹo'),
(7, 'Đồ Uống'),
(8, 'Hoa Quả'),
(9, 'Bánh Trái'),
(10, 'Gỏi, Salat'),
(11, 'Lẩu'),
(12, 'Cháo'),
(13, 'Cơm'),
(14, 'Điểm Tâm'),
(15, 'Khai vị'),
(17, 'Xào'),
(16, 'Rán');

-- --------------------------------------------------------

--
-- Table structure for table `douong`
--

CREATE TABLE IF NOT EXISTS `douong` (
  `MaDU` int(11) NOT NULL,
  `TenDU` varchar(70) COLLATE utf8_unicode_ci NOT NULL,
  `NguyenLieu` text COLLATE utf8_unicode_ci,
  `CachLam` text COLLATE utf8_unicode_ci,
  `GioiThieu` text COLLATE utf8_unicode_ci,
  `Dongia` int(11) DEFAULT NULL,
  `Anh` varchar(500) COLLATE utf8_unicode_ci DEFAULT NULL,
  `MaDM` int(11) NOT NULL,
  PRIMARY KEY (`MaDU`)
) ENGINE=MyISAM DEFAULT CHARSET=utf8 COLLATE=utf8_unicode_ci;

--
-- Dumping data for table `douong`
--

INSERT INTO `douong` (`MaDU`, `TenDU`, `NguyenLieu`, `CachLam`, `GioiThieu`, `Dongia`, `Anh`, `MaDM`) VALUES
(2, 'Thạch Kem Chanh Dây', '- 1 ½ chén nước quả chanh dây (chanh leo)<br/>\r\n- 150ml nước cam tươi <br/>\r\n- 200g đường trắng  <br/>\r\n- 3 lá gelatine, ngâm trong nước lạnh cho mềm Làm kem trang trí: <br/>\r\n- 300ml kem tươi <br/>\r\n- 150ml sữa <br/>\r\n- 3 lòng đỏ trứng<br/> \r\n- 75g đường <br/>- 2 thìa rượu Rum <br/>\r\n- 2 lá gelatine <br/>\r\n- Xoài, chanh dây, chuối dâu tây trang trí (bất cứ loại trái cây yêu thích nào của bạn, tùy chọn)', '- Trộn nước trái cây và đường với 1 chén nước, cho vào 1 cái nồi và đun đến khi đường tan hết. Sau đó lọc qua 1 cái rây.\r\n\r\n\r\n- Lá gelatine ngâm mềm, bóp ra với nước rồi cho vào nồi, thêm nửa chén nước quả ban đầu vào đun cùng, ngoáy đều cho gelatine tan hết thì cho nốt hỗn hợp nước quả vào đun. Khuấy cho các nguyên liệu hòa quyện với nhau. Tắt bếp, để nguội bớt rồi rót vào các ly thủy tinh, để nguội hẳn rồi cho vào tủ lạnh khoảng 4 giờ đến khi đông lại.\r\nLưu ý chỉ rót đến nửa ly vì còn chừa chỗ cho phần kem.\r\nLàm kem:\r\n\r\n- Cho lá gelatine vào ngâm trong nước lạnh đến khi mềm\r\n\r\n- Tách đôi quả vani, cho hạt và thịt quả vào nồi, cho kem tươi và sữa vào, đặt lên bếp, để lửa trung bình và đun sôi.\r\n\r\nTrong lúc chờ sữa sôi, bạn đập trứng ra bát lấy lòng đỏ, trộn lòng đỏ trứng với đường, đánh cho trứng bông nổi lên. \r\n\r\n\r\n- Tiếp đến rót hỗn hợp kem tươi sữa nóng vào trứng, tiếp tục đánh. Khi đánh trứng kem bạn nên cuộn tròn 1 cái khăn rồi để âu lên, một tay rót các nguyên liệu vào và tay kia vẫn có thể quấy liên tục, vừa đỡ nóng mà cái âu lại được cố định.\r\n\r\n\r\n- Đổ hỗn hợp trứng sữa và gelatine vào nồi và đun, ngoáy nhẹ liên tục, đun đến khi thấy hơi sánh lại, bám trên thìa là được. Tắt bếp nhấc xuống, để nguội bớt rồi cho rượu rum vào. Để nguội  hẳn, dùng thìa múc nhẹ nhàng từng thìa kem cho vào các ly thạch. Đặt vào tủ lạnh khoảng 1 giờ cho kem hơi đông lại.\r\n- Khi ăn trang trí với dâu tây và ruột quả chanh dây.\r\n \r\nVới màu sắc vô cùng hấp dẫn, thơm ngọt mùi  trái cây, vị mát lạnh và mềm mịn ly thạch kem cho bạn cảm giác sảng khoái yêu đời.', 'Những ly thạch trái cây nhiều màu luôn hấp dẫn thực khách mọi lứa tuổi, hãy tự tay làm những ly thạch kem thơm ngon đẹp mắt để xua tan cái oi bức lúc thời tiết chuyển mùa nhé.      ', 15000, 'image/IMG_Douong/Thach_KemChanhDay.jpg', 2),
(3, 'Thạch Trái Cam Mát Lạnh ', '-4 quả cam vàng <br>\r\n-2 gói bột gelatin <br>\r\n- Một cốc nước<br>\r\n- Đường hoặc mật ong', '- Bổ đôi quả cam\r\n\r\n- Dùng thìa nạo hết ruột và nước ra một cái bát to hoặc vắt nước cam bằng dụng cụ hỗ trợ, rồi tách hết các các sơ múi còn lại bên trong, cố gắng giữ cho vỏ quả cam nguyên vẹn. \r\n- Ngâm bột gelatin trong nước khoảng 15 phút.\r\n\r\n- Cho nước cam vào nồi đun gần sôi, nếu thấy hơi ít nước bạn có thể cho thêm nước lọc, thêm đường hoặc mật ong nếu muốn ăn ngọt hơn. Sau đó cho chỗ nước gelatin vào nồi nước cam. Ngoáy đều cho tan hết. Đun sôi thì tắt bếp.\r\n\r\n- Để nguội bớt rồi rót hỗn hợp vào từng nửa vỏ cam đã vắt lúc đầu. \r\n- Bạn nên để vỏ cam lên một cái khay hoặc khuôn để cố định, khi đổ thạch vào sẽ dễ dàng và an toàn hơn.\r\n\r\n- Để thạch nguội và đông lại rồi cho vào tủ lạnh, vài giờ sau là bạn có món thạch cam chính hiệu cả về hình dáng và mùi vị.\r\n- Lấy cam ra khỏi tủ lạnh, dùng dao cắt thành miếng hình múi cau, bạn nhớ là dao phải thật sắc nhé.\r\n', '        ', 15000, 'image/IMG_Douong/Douong3.jpg', 1),
(4, 'Thạch Sữa Ướp Lạnh ', '4 thìa bột agar  4 cốc sữa  Một vài giọt phẩm màu thực phẩm, hoặc bạn có thể dùng siro hoa quả để có các màu hồng tím hoặc cam và còn có thêm hương vị.  Đường (lượng đường tùy khẩu vị của bạn)  1 thìa hương liệu vị dâu (tùy chọn)', 'Cho bột agar và đường vào sữa khuấy lên, để vài phút. Cho sữa và agar lên bếp đun sôi.\r\n\r\nVừa đun vừa khuấy đều để thạch không bị vón và dính xuống đáy nồi. Khi hỗn hợp sữa vừa sôi thì bạn nhỏ lửa và đun đến khi agar tan hết. Nếu bạn có dùng hương liệu và phẩm màu thì cho vào bước này rồi tắt bếp nhấc nồi xuống.\r\n\r\nĐổ hỗn hợp ra khay, cốc hoặc khuôn có các hình khác nhau.\r\n\r\nĐể nguội đến khi còn âm ấm thì cho vào tủ lạnh. Để thạch ít nhất 2 giờ cho đông lại.\r\n\r\nDùng dao cắt miếng và thưởng thức.\r\nThêm màu xanh và lá dứa bạn sẽ có ly thạch màu xanh hai lớp, lại có mùi thơm ngọt quyến rũ.\r\n\r\nThạch sữa ướp lạnh là món tráng miệng tuyệt vời cho cả nhà.', 'Thạch sữa ướp lạnh là món tráng miệng tuyệt vời cho cả nhà. Vị mát, ngọt và mùi thơm hấp dẫn của hoa trái mùa hè hòa quện trong món thạch sữa này.  ', 15000, 'image/IMG_Douong/Thach_SuaUopLanh.jpg', 2),
(5, 'Thạch Sữa Đậu Nành ', '2 lít sữa đậu nành (sữa không đường)  3/4 chén đường kính trắng  3 chiếc lá dứa  2 thìa bột thạch agar  Vài miếng hoa quả tùy ý thích của bạn (đào, vải, xoài, cam…)', 'Cho sữa đậu nành, lá dứa và đường vào nồi rồi đun sôi, khuấy đều cho đường tan hết. Đun đến khi mùi lá dứa thơm nức tỏa ra khắp phòng. Vớt lá dứa bỏ đi.\r\n\r\nHòa bột agar ra một chút nước rồi cho vào nồi sữa, khuấy liên tục cho tan hết trong sữa.\r\n\r\nTắt bếp, nhấc nồi xuống. Múc sữa ra khuôn hoặc các cốc nhỏ.\r\n\r\nThêm vài lát hoa quả lên trên rồi để thật nguội, cho vào tủ lạnh 1 giờ cho đông lại.\r\n\r\nLấy ra và thưởng thức.', 'Chỉ cần bằng cách làm đơn giản, món sữa đậu đã trở thành những cốc thạch hoa quả thơm mát và bổ dưỡng rồi.  ', 15000, 'image/IMG_Douong/Thach_SuaDauNanh.jpg', 2),
(6, 'Eggnog - Cocktail Trứng Sữa Mùa Đông', '- 6 quả trứng gà - 250g đường trắng - ½ thìa vanilla - ½ thìa nhục đậu khấu (nutmeg) - 200ml rượu Brandy - 100ml rượu Rum - 500ml kem tươi - 500ml sữa', '- Đập trứng ra bát\r\n- Dùng máy đánh trứng đánh trong vòng 3 phút đến khi trứng bông lên\r\n- Sau đó từ từ cho đường vào, vừa cho vừa đánh trứng tiếp tục.\r\n\r\n- Tiếp đến cho vanilla, bột nhục đậu khấu (nếu có) rồi đánh tiếp 30 giây nữa\r\n- Sau đó cho các loại rượu Brandy, rượu Rum\r\n- Rồi cho sữa, kem tươi vào.\r\n\r\n- Dùng thìa ngoáy đều lên.\r\n- Cho hỗn hợp vào tủ lạnh khoảng nửa giờ.\r\n- Sau nửa giờ ướp lạnh lấy bát ra khỏi tủ, dùng muôi múc ra từng ly thủy tinh đã chuẩn bị trước.\r\n- Rắc một chút nhục đậu khấu lên trên \r\nBạn có thể bỏ bớt thành phần rượu đi, eggnog trở thành món sinh tố bổ dưỡng có thể được thưởng thức quanh năm mà không nhất thiết vào mùa Giáng sinh ', 'Eggnog là thức uống ngọt làm từ sữa, kem tươi, trứng sống, là thứ đồ uống phổ biến trong các ngày lễ Noel và năm mới của người Mỹ và Canada.  ', 35000, 'image/IMG_Douong/CockTail_TrungSuaMuaDong.jpg', 3),
(7, 'Cocktail Cam 3 Tầng', '- 10 múi cam  - 1 khoanh bánh ngọt  - 2 muỗng kem tươi  - Rượu Cointreau  - Vỏ cam tươi cắt nhỏ  - 1 lát cam tươi cắt tròn để trang trí', '- Ngâm múi cam vào rượu Cointreau qua đêm trong bình kín và giữ trong tủ lạnh.\r\n\r\n- Pha 1 muỗng Cointreau với 2 muỗng kem tươi. Nạo vỏ cam vào kem. Đánh kem nổi bọt bằng máy xay tay trong 5 phút cho kem dậy bọt mịn. Để riêng.\r\n\r\n- Dùng ly thủy tinh cao, cho múi cam xuống đáy cùng với nước rượu ngâm. Cắt khoanh bánh thành hình tròn vừa đủ lọt vào giữa li. Nén lát bánh nằm ngay trên phần múi cam vào rượu (Xem hình).\r\n\r\n- Trút kem lên lát bánh, rắc vỏ can cắt nhỏ lên trên. Trang trí lát cam tươi trên miệng ly. Ướp lạnh và thưởng thức.', 'Lạ và hấp dẫn, món uống này sẽ mang lại cho bạn một buổi tối thật thú vị!    ', 35000, 'image/IMG_Douong/Douong7.jpg', 3),
(8, 'Dâu Dầm – Mát Da Mùa Nóng ', '- 3 - 5 trái dâu tươi (hoặc nhiều hơn tùy sở thích) - 2 muỗng cà – phê lưng đường cát trắng - Đá bào hoặc đá viên tinh khiết nhỏ', '- Dâu xắt thành lát mỏng\r\n \r\n\r\nCho dâu và đường vào ly, trộn nhẹ, để vào tủ lạnh khoảng 15 phút cho dâu thấm đường, ra nước và có vị ngọt, sau đó cho đá vào, để vào tủ lạnh thêm 5 phút nữa là dùng được.\r\n\r\nMón dâu dầm đặc biệt không dùng sữa, ít đường, khi uống có cảm giác thanh, mát, rất dễ chịu. Chúc các bạn nữ có thêm món cocktail ưng ý mùa hè.', 'Dâu dầm là món Cocktail đơn giản, dễ làm, không dùng nhiều nguyên liệu, đặc biệt không dùng chất béo. Một ly cocktail mát lạnh vừa dùng giải khát, vừa có công dụng đẹp da, chắc hẳn sẽ mang lại niềm vui cho tất cả mọi người đặc biệt là các bạn nữ.  ', 35000, 'image/IMG_Douong/DauDam_MatDaMuaNong.jpg', 3),
(9, 'Cocktail Chanh Mojito', 'Đầu tiên bạn chuẩn bị chanh tây to, nước trắng, nước đường, đá viên là không thể thiếu được khi pha chế cocktail. Tiếp đến là rượu Rum nhẹ, rượu chan', 'Cắt chanh thành những múi nhỏ. Cho chanh, lá bạc hà, syrup vào cốc rồi dùng thìa dằm ra.\r\n\r\n- Sau đó, không nghiền nát tất cả mà chỉ cần lọc lấy nước bằng một chiếc rây (dụng cụ lọc) nhỏ.\r\n\r\n- Pha loãng hỗn hợp với 1-2 cốc nước trắng sao cho vừa uống.\r\n\r\n- Rót hỗn hợp nước chanh vào 4-6 cốc cao, cho thêm đường. Cho đá.\r\n\r\n- Thêm ½ đến 1 thìa rượu Rum vào mỗi cốc. Chế thêm hỗn hợp nước chanh lạnh lên trên lớp rượu. Cho tối đa ¼ quả chanh nếu muốn vào cốc cho đẹp mắt.', 'Cocktail chanh Mojito là loại đồ uống không thể bỏ qua khi nhắc đến đất nước Cu Ba xinh đẹp. Sinh thời, đại văn hào Ernest Hemingway đã rất “mê mẩn” thức uống tuyệt vời này. Có rất nhiều cách để pha chế Mojito như dùng vang trắng, Vodka lúa mới, Rum chauvet… nhưng có lẽ đúng nhất thì vẫn phải là light Rum.  ', 35000, 'image/IMG_Douong/CockTail_ChanhMojito.jpg', 3),
(10, 'Cocktail Hương Vải Ba Tầng ', '- 10ml siro lựu (hoặc siro hoa hồng)  - 3 quả vải  - 20ml nước xoài ép  - 30ml soda  Nếu muốn uống ngọt nhiều thì các bạn tăng lượng siro lên nhé!', '- Rót 10ml siro lựu vào chiếc ly dài hoặc cốc cao.\r\nThành phần nào có nồng độ đậm đặc nhất thì ta cho xuống dưới, loại nhẹ hơn thì lên trên. Cứ dựa theo nguyên tắc này là chúng mình có thể pha những ly nước nhiều tầng rùi.\r\nBước 2:\r\n- Dầm nát 3 quả vải ở một chiếc cốc khác.\r\n- Sau đó đổ nước xoài ép vào nhé!\r\n- Rồi cho thật nhiều đá vô và khuấy thật đều.\r\nBước 3:\r\n- Dùng một chiếc thìa, nhẹ nhàng rót nước xoài ở trên vào ly.\r\nBước 4:\r\n- Và cũng nhẹ nhàng rót soda\r\nBước 5:\r\n- Dùng tăm xiên một quả vải vào rùi đặt ngang miệng ly cho đẹp\r\nNgoài ra, còn nhiều cách décor lắm đó!\r\nVài cánh hoa hồng trôi lững lờ thì sao nhỉ?\r\nVà đôi khi là hoa tươi thì càng đẹp!\r\nHay đơn giản nhất là trang trí với một lát trái cây đó!', 'Làm thế nào để rót được ba tầng như thế nhỉ?    ', 35000, 'image/IMG_Douong/Douong10.jpg', 3),
(11, 'Cocktail Tình Yêu ', 'Dâu tây: 5 quả ép lấy nước  Rượu gin: 30ml  Apricor brandy: 15ml  Nước cốt chanh: 5ml  Sirô lựu: 5ml', 'Cho tất cả vào shaker, lắc đều cùng đá, rồi rót ra ly có chân cao, uống lạnh.', 'Hương thơm tươi mát ngọt ngào làm tinh thần sảng khoái, lượng vitamin dồi dào và màu đỏ quyến rũ là những lý do làm cho trái dâu trở thành sự lựa chọn đầu tiên trong các loại trái cây làm món thức uống cho bữa tiệc tình yêu.    ', 35000, 'image/IMG_Douong/Douong11.jpg', 3),
(13, 'Chè Xòai Mát Lạnh Cho Ngày Hè Nóng Nực', ' - 2 quả xoài chín ngọt  - 100g bột báng  - 150ml nước cốt dừa', '1. Xoài cắt vuông nhỏ để lại 1/3. Chỗ còn lại cho vào máy xay nhuyễn. Nếu xoài ngọt thì không cần thêm đường. Nếu xoài hơi chua thì bạn thêm đường tùy theo khẩu vị.\r\n\r\n2. Bột báng cho vào nồi nước nấu đến khi bột trong.\r\n\r\n3. Đổ bột báng và xoài vào chung một cái bát to rồi cho vào tủ lạnh khoảng 2 giờ cho mát.\r\n \r\n\r\n4. Khi ăn đổ xoài và bột báng vào cốc cho thêm ít nước cốt dừa và vài miếng xoài tươi cắt vào', 'Món tráng miệng rất ngon mà lại rất dễ làm. Thích hợp cho mùa hè nóng bức.', NULL, 'image/IMG_Douong/Che_XoaiThomMat.jpg', 4),
(14, 'Chè Khoai Tím', ' - Trân châu khô 1 gói  - Khoai lang tím 2 củ  - Sữa tươi  - Mật ong', ' Khoai lang gọt vỏ, cắt miếng vuông, sau đó hấp hoặc luộc chín.\r\n\r\n- Cho hạt trân châu khô vào đun sôi trong nước khoảng 8 phút, vừa đun vừa khuấy để không bị dính nồi. Đun đến khi trân châu nở ra và trở nên trong suốt là được.\r\n Khi trân châu chín cho ra ngâm luôn vào nước lạnh để nguội nhanh và không bị dính.\r\n\r\n- Xếp khoai vào bát, thêm trân châu rồi đổ sữa vào, nếu bạn thích ngọt hơn nữa thì cho mật ong tùy theo khẩu vị.\r\n', 'Khoai lang tím rất tốt cho sức khỏe của các sĩ tử đang bước vào các kì thi quan trọng. Đặc biệt khi kết hợp với sữa và mật ong món chè này lại càng hấp dẫn và thơm ngon.', NULL, 'image/IMG_Douong/Che_KhoaiTim.jpg', 4),
(15, 'Chè Sắn', ' 0,5kg sắn tươi  0,5kg đường kính  0,02kg bột đao Nước hoa bưởi', '\r\nSắn tươi bóc vỏ rửa sạch.\r\n\r\nChuẩn bị một chậu nhỏ nước sạch. Dùng bàn nạo nạo sắn thành sợi rơi vào chậu nước.\r\n\r\nNạo xong vớt sắn để ra rổ cho ráo nước.\r\n\r\nNước còn lại trong chậu để lắng trong gạn bỏ nước lấy bột đặc.\r\n\r\nCho khoảng 1 lít nước vào nồi đun sôi, cho sắn vừa nạo và bột đặc vừa gạn vào, khuấy nhẹ tay cho sắn chín.\r\n\r\nChú ý điều chỉnh lửa vừa nhỏ để không bị bén nồi. Khi sắn chín trong mới cho đường vào.\r\n\r\nHòa bột đao với một chút nước lã, cho từ từ vào nồi chè khuấy đều tay.\r\n\r\nKhi nồi chè sôi lại và chín trong bắc ra cho nước hoa bưởi vào.', 'Không có cảm giác ngọt hắc như các loại chè khác, chè sắn có vị bùi béo, và hương thơm đặc trưng do ướp cùng hoa bưởi. Cách nấu chè sắn cũng khá đơn giản như những loại chè khác.', NULL, 'image/IMG_Douong/Che_San.jpg', 4),
(16, 'Chè Xoài Trân Châu', '- ½ chén trân châu khô (loại này có thể mua ở chợ, tại các quầy hàng khô, hàng tạp hóa)  -2 quả xoài chín  * 3 cốc nước  -3 thìa đường đỏ  -1 hộp cốt dừa  -¼ thìa muối  Ngoài nguyên liệu chính là xoài bạn hãy chọn thêm một loại quả nữa thể theo sở thích, có thể là: chuối, đu đủ, kiwi hay khế…', 'Lấy ½ chén hạt trân châu khô, ngâm nước cho ngấm trong 15 – 20 phút sau đó đổ nước đi để ráo và cho vào trong nồi.\r\n\r\nCho 2 chén nước và ¼ thìa muối vào nồi trân châu. Bật bếp đun sôi rồi nhỏ lửa, khoấy nhẹ để các hạt không bị dính vào nhau. Đến khi thấy các hạt trở nên trong suốt là được. Không nên đun lâu quá, trân châu sẽ nát.\r\n\r\nĐổ nước đi và cho hạt trân châu ra bát để nguội\r\n\r\nXoài chín gọt vỏ\r\n\r\nThái miếng và cho vào máy xay sinh tố.\r\n\r\nCho 3 thìa đường đỏ và ¼ chén nước vào máy xay cùng, xay đến khi hỗn hợp nước, xoài và đường mịn và sánh. Ở bước này bạn có thể nếm xem độ ngọt đã vừa chưa, thêm đường nếu bạn muốn. Còn nếu đặc quá bạn có thể thêm nước và tiếp tục xay.\r\n\r\nKhi hỗn hợp đã đạt yêu cầu, cho xoài xay ra các cốc to, hoặc bát.\r\n\r\nCắt miếng một quả xoài khác, cắt thêm một ít chuối hoặc vải (hoặc bất cứ loại trái cây nào mà bạn thích: đu đủ, kiwi…)\r\n\r\nChia đều phần trân châu đã đun chín lúc nãy vào bát xoài (lúc này trân châu hơi dính và đặc lại)\r\n\r\nThêm các loại quả khác lên trên. Rót nước cốt dừa lên trên cùng\r\n\r\nĂn luôn hoặc thêm đá bào và thưởng thức\r\n\r\nĂn kèm với kem và thạch nữa rất ngon\r\n\r\nVị trái cây quyện với vị cốt dừa thơm ngậy\r\n\r\nNếu không muốn thêm đá, bạn trộn đều xoài, cốt dừa và trân châu, đặt vài lát hoa quả lên trên rồi cho vào tủ lạnh\r\n\r\nThêm tào phớ vào ăn rất lạ mà ngon\r\n\r\nCho vào các cốc nhựa đậy nắp, mang theo ăn tráng miệng sau bữa cơm trưa văn phòng', 'Kiểu chè này không cần phải nấu nướng nhiều, mùi vị thơm ngon và rất đẹp mắt, chè xoài trân châu sẽ làm mùa hè của bạn thêm thú vị.', NULL, 'image/IMG_Douong/Che_XoaiTranChau.jpg', 4),
(17, 'Chè Bí Đỏ Thơm Ngon', 'Bí đỏ  Đường  Bột sắn', 'Bí đỏ cắt thành miếng nhỏ vừa ăn, đun với nước tầm 15 phút cho chín mềm. KHi bí vủa chín tới nêm dường vừa ăn. Chú ý, bí đỏ có vị ngọt sẵn vì thế không nên cho quá nhiều đường món chè sẽ ngấy, đánh mất vị ngọt tự nhiên của bí.\r\n\r\nPha bột sắn với nước lạnh. Bí chín quấy bột sắn vào cùng đảo đều tay\r\n\r\nMúc ra bát. Có thể dùng nóng hoặc để lạnh ăn cũng rất tuyệt', 'Có rất nhiều cách chế biến món chè bí đỏ như nấu cùng đậu xanh, hạt sen...tuy nhiên nếu bạn chỉ yêu thích hương vị ngọt thanh của bí đỏ bạn hoàn toàn có thể nấu chè bí đỏ nguyên chất. Món này không chỉ hấp dẫn, ngon miệng mà còn rất tốt cho sức khỏe đặc biệt là làn da phụ nữ. ', NULL, 'image/IMG_Douong/Che_BiDo.jpg', 4),
(18, 'Chè Đậu Đỏ Hạt Sen ', '100 gr đậu đỏ  100 gr hạt sen  Vỏ quýt khô  200 gr đường hoa mai', 'Đậu đỏ rửa sạch, loại bỏ những hạt mốc, hỏng, cho vào nồi cùng nước, đun khoảng 30 - 40 phút cho nhừ.\r\n\r\nHạt sen bỏ tâm, rửa sạch, cho vào ninh cùng đậu đỏ cho mềm.\r\n\r\nCho vỏ quýt thái chỉ, đường hoa mai vào đun cùng khoảng 20 phút cho đậu và hạt sen thấm vị ngọt.\r\n\r\nBắc ra, để nguội và thưởng thức.', 'Món chè đậu đỏ hạt sen vừa ngon miệng lại vừa mát, có tác dụng rất tốt đối với sức khỏe. Các bà nội trợ hãy thử trổ tài nấu món chè này cho gia đình mình nhé!', NULL, 'image/IMG_Douong/Che_DauDoHatSen.jpg', 4),
(19, 'Chè Ngô Thơm Mát', '      * 3 chén nước     * 2 chén đường     * ¼ chén hạt trân châu khô     * 4 bắp ngô     * Nước cốt dừa     * Nửa chén bột sắn', 'Ngô rửa sạch, cho vào nồi đổ nước vừa ngập và luộc chín.\r\n\r\nKhi ngô chín, vớt ra để nguội.\r\n \r\nBắp ngô nguội, dùng dao cắt lấy phần hạt ngô. \r\nPhần nước ngô đem lọc qua một cái rây để loại bỏ hết râu ngô và các vảy ngô còn sót lại rồi lại cho lên bếp đun sôi. Cho phần hạt ngô đã cắt ra từ nãy rồi cho đường vào vừa ngọt theo sở thích. \r\n\r\nĐun sôi chè ngô trở lại và vặn nhỏ lửa. Hòa tan bột sắn trong nước lạnh và từ từ cho vào nồi, vừa cho vừa khuấy đều. Độ đặc của chè là do bạn, nếu thích loãng hơn có thể cho bớt bột. \r\nChuẩn bị hạt trân châu. Cho 2 chén nước vào nồi đun sôi. Cho 2 thìa to trân châu khô vào đun. \r\nĐun cho đến khi hạt trân châu trở nên gần trong suốt thì đổ ra một cái rổ lọc, phần nước bỏ đi. Không nên đun trân châu quá lâu, nó sẽ bị nát và khi ăn không cảm thấy độ dẻo.\r\n \r\nSau khi trân châu vừa chín thì cho vào nồi chè, nếm lại độ ngọt của chè, đun sôi lại rồi tắt bếp.\r\nChè ngô có thể ăn nóng hoặc lạnh\r\nThêm đá, nước cốt dừa hoặc dừa tươi ăn ngon tuyệt\r\nNhững hạt trân châu nhỏ trong suốt tạo vị lạ cho chè ngô\r\n \r\nTrộn đều đá và nước cốt dừa trong chén chè\r\nHoặc để riêng cốt dừa và cho lên trên ', 'Vị ngọt bùi của ngô nếp mới vừa quen vừa lạ khi nấu cùng hạt trân châu dẻo thơm. Đây là món thơm bùi, mát ngọt và rất bổ dưỡng.', NULL, 'image/IMG_Douong/che_Ngo.jpg', 4),
(20, 'Chè Đậu Đen Hương Nhài ', '  300 gr đậu đen  Một nắm hoa nhài  200 gr đường cát  Một ống vani.', 'Đậu đen vo kỹ, ngâm nước lạnh khoảng 20 phút. Vớt ra, bắc lên bếp nấu mềm. Khi đậu đã mềm, cho đường vào nấu tan, rắc vani vào, tắt bếp.\r\n\r\nHoa nhài rửa sạch dưới vòi nước mạnh, cho vào nồi chè, đậy nắp nồi lại, hãm 10 phút cho hương nhài quyện vào hết trong chè.\r\n\r\nMúc chè ra ly, có thể dùng nóng hoặc dùng lạnh đều ngon.', 'Cái nóng mùa hè sẽ được xoa dịu ngay lập tức với một cốc chè đậu đen thơm dịu hương hoa nhài. Đây là món ăn đơn giản và dễ nấu.  ', 15000, 'image/IMG_Douong/Douong20.jpg', 4),
(21, ' Chè Hạt Sen Táo Đỏ ', '2 xâu hạt sen khô hoặc tươi,  200gr táo đỏ (loại có hột),  300gr đường phèn,  2 ống vani.', 'Hạt sen rửa sạch, ngâm nước 20 phút, cho vào xoong đổ nước ngập, đun sôi rồi hạ nhỏ lửa cho đến khi chín mềm.\r\n\r\nTáo đỏ rửa sạch bằng nước ấm, cho vào xoong luộc 5 phút, vớt ra rổ, để ráo nước.\r\n\r\nNấu tan đường phèn với nửa lít nước, lọc qua xoong khác, cho hạt sen, táo đổ vào nấu trên lửa nhỏ độ 10 phút, nhấc xoong xuống, cho vani vào khuấy đều. Múc chè ra chén hoạc ly. Dùng lạnh với đá đập nhỏ hoặc ăn nóng đều ngon.', 'Không cầu kỳ, không tốn quá nhiều thời gian, chè hạt sen táo đỏ là món ăn mát bổ, rất đáng để xuất hiện trong thực đơn ngày hè của gia đình bạn. ', NULL, 'image/IMG_Douong/Che_HatSenTaoDo.jpg', 4),
(22, 'Chè Long Nhãn ', '- 50g long nhãn khô. - 50 g hạt sen tươi - 1 muỗng canh đường phèn - 500 ml nước', 'Ngâm nhãn vào nước ấm khoảng 30 p cho nhãn nở mềm\r\nSau đó ấn từng hạt sen vào trong quả nhãn.\r\nCho hạt sen và nhãn, đường vào nấu 15 phút.\r\nNhắc xuống để nguội, bỏ chút đá vào uống lạnh.\r\nMón này vừa mát vừa giúp ngủ ngon.', 'Nếu bạn hoặc người thân đang mất ngủ hoặc bị stress thì bát chè long nhãn thơm ngon sẽ là bài thuốc trị bệnh tuyệt vời. Chắc hẳn bạn sẽ nhận được vô số lời khen sau khi chế biến thành công món chè ngon miệng này.  ', 25000, 'image/IMG_Douong/Douong22.jpg', 3),
(23, 'Chè Bắp Sữa', '4 cái ngô nếp  200gr dừa nạo  300gr đường  3 muỗng canh bột năng', 'Bắp lột vỏ, bào mỏng hạt. Cho lõi bắp, rau bắp vào nồi nước lạnh đun lấy nước ngọt. Vớt bỏ lõi và rau bắp.\r\n\r\nLấy một chén con nước bắp luộc cho vào tô dừa nạo, vắt lấy nước cốt\r\n\r\nNêm một muỗng canh bột năng và muối vào cốt dừa, bắc lên bếp đun sôi cho đến khi sánh đều.\r\n\r\nCho bắp đã bào vào nồi nước luộc ngô cùng với lá dừa đun nhỏ lửa gần chin thì vớt bỏ lá dừa.\r\n\r\nMúc một ít chè bắp vào tô dừa nạo vắt lấy nước ráo. Cho nước dừa vào nồi cùng với đường và bộ năng đã hòa tan đun cho tới khi chè chin mềm\r\n\r\nNêm va-ni, múc chè ra chén con, khi ăn rưới nước cốt dừa lên trên.', 'Chè bắp thơm ngọt, không phải cái ngọt của đường mà là sự ngọt riêng có của sữa bắp non, cái ngọt của mạch nguồn đất bãi sa bồi.', NULL, 'image/IMG_Douong/Che_BapSua.jpg', 4),
(24, 'Chè Đậu Ngự ', '300 gr đậu ngự  150 - 200 gr đường  Vanilla', 'Đun nước sôi, tắt bếp, cho đậu vào đậy vung, để một lúc rồi đổ ra một chậu nước lạnh. Bóc vỏ đậu cho sạch.\r\n\r\nĐậu được đem hấp chín nhưng không được làm nát.\r\n\r\nCho nước vào nồi, cho đường vào khuấy tan, cho đậu vào đun một lúc cho thấm đường, cho vanilla, bắc ra.\r\n\r\nMúc chè ra từng ly, cẩn thận để không làm nát đậu, có thể bỏ thêm hoa nhài.', 'Món chè đậu ngự vừa có thể giải khát, vừa có tác dụng bồi bổ cơ thể, là một món ăn rất tốt trong mùa hè.     ', 15000, 'image/IMG_Douong/Douong24.jpg', 4),
(25, 'Chè Hoa Cúc Nấm Tuyết ', 'Hoa cúc 10g  Kỷ tử 20g  Nấm tuyết 50g  Táo đỏ 50g  Hạt sen 50g  Đường phèn vừa đủ', 'Hoa cúc rửa sạch vắt ráo nước\r\n\r\nNấm tuyết và hạt sen ngâm cho nở, sau đó rửa sạch nấm tuyết cắt bỏ chân nấm và xắt nhỏ.\r\n\r\nTáo đỏ nếu muốn cho hạt táo nở mềm, trước khi nấu nên hấp táo khoảng 5 phút.\r\n\r\nCho nước vừa đủ vào nồi, nước sôi cho hạt sen, táo đỏ và nấm tuyết vào nấu, khi hạt sen mềm cho tiếp hạt kỷ tử và đường phèn vào, nấu sôi khi đường tan nấu thêm 1-2 phút nửa thì cho tiếp hoa cúc, khi chè sôi lại tắt bếp đậy nắp khoảng 5 phút để hoa cúc ra mùi thì vớt ra, bỏ đi phần xác hoa, món chè này ăn nóng hay lạnh đều ngon.', 'Món chè hoa cúc nấm tuyết ăn mát, thanh nhuận, rất thích hợp cho mùa hè, món ăn này dùng nóng hay lạnh đều ngon và cách nấu cũng rất đơn giản.', NULL, 'image/IMG_Douong/Che_HoaCucNamTuyet.jpg', 4),
(26, 'Kem Kiwi', '- Kiwi 3 – 4 quả - Đường - Nước - Nước ép Nha đam (mua sẵn ở siêu thị, phần này tùy chọn thêm, có thể không cần cho)', '- Quả kiwi thịt mềm, vị ngọt dịu. Kiwi gọt vỏ, thái nhỏ.\r\n- Cho kiwi và đường vào máy xay sinh tố, lượng đường khoảng 5 thìa, tùy khẩu vị ngọt của bạn mà có thể thêm bớt. Thêm 100 ml nước lọc.\r\n\r\n- Nhấn nút xay trong 30 giây.\r\n\r\n- Vì kiwi rất mềm nên xay nhanh, không cần xay kỹ quá. Kiwi còn giữ lại chút thịt quả và nguyên hạt sẽ đẹp mắt hơn.\r\n\r\n- Có thể cho thêm ½ ly nước ép nha đam, sẽ làm tăng thêm vị tươi mới, thanh mát cho món tráng miệng.\r\n- Đổ hỗn hợp ra một cái khay hoặc hộp. Cho vào ngăn đá tủ lạnh, cứ 30 - 40 phút kiểm tra một lần rồi lấy thìa trộn thật kỹ, sau đó lại đặt trở lại tủ lạnh. Làm như vậy trong khoảng 3 – 4 giờ, đến khi kem đông lại. \r\n- Thật ra làm kem thế này sẽ có các tinh thể nước đá đóng lại, không mịn như kem thường bởi mình không cho kem tươi hay sữa trứng gì cả lại không xay nhuyễn kiwi nữa, đây đơn thuần là kiwi xay đông lạnh nhưng mình thấy ăn cũng ngon, đặc biệt rất mát.\r\n- Nếu bạn “sốt ruột” và ngại làm kem, phải trộn và kiểm tra thường xuyên thì có một cách hay đây. Chỉ cần xay nhuyễn kiwi với nước ép nha đam, thêm đường và đá thế là ly sinh tố xanh mướt thơm mát đã sẵn sàng rồi.\r\n\r\nVậy bạn còn chờ gì nữa, hãy chọn cho mình một món tráng miệng ngon từ quả kiwi hấp dẫn nhé.\r\n\r\n\r\nMách nhỏ:\r\n\r\nKiwi chọn quả không dập, có lông màu trắng bạc là quả tươi.', 'Hãy lấy lại năng lượng, tăng thêm sảng khoái với kem và nước uống từ trái Kiwi diệu kỳ.  Kiwi màu xanh tạo cảm giác tươi mới và mát mẻ, thứ quả này lại giàu vitamin C, chất xơ, tốt cho tiêu hóa, chống lão hóa cho làn da luôn trẻ đẹp. Kiwi tốt cho cả trẻ nhỏ và người lớn.', NULL, 'image/IMG_Douong/Kem_Kiwi.jpg', 5),
(27, 'Kem Chiên Chocolate ', '- 100ml kem tươi.  - 50g bơ.  - 200g chocolate.  - 125 g bột mì.  - 1 quả trứng gà.  - 25 g bột ca cao.  - 50ml sâm -panh.  - Muối, đường.', '- Kem nấu sôi, làm nóng chảy bơ và  chocolate , trút vào kem nấu sôi khuấy đều.\r\n\r\n- Làm lạnh hỗn hợp rồi nặn thành từng viên tròn, để tủ lạnh, khi nào chuẩn bị dùng mới lấy ra chế biến.\r\n\r\n- Rây mịn bột mì và ca cao, thêm muối và đường rồi đập trứng vào, trộn kỹ. Thêm sâm -panh vào cho hỗn hợp có độ loãng vừa đủ để nhúng Sô-cô-la vào.\r\n\r\n- Lấy viên chocolate đã làm lạnh ra, nhúng vào hỗn hợp và đem chiên ngập dầu ở nhiệt độ 180 độ, vớt ra để ráo dầu.\r\nTrình bày:\r\n\r\nXếp chocolate chiên ở một góc. Ở giữa xếp một trái dâu tây cắt lát và một nhánh bạc hà. Đầu còn lại xếp một viên kem dâu và nhánh đường kính để trang trí.', 'Hãy thử chế biến món kem chiên chocolate này, chắc chắn bạn sẽ đem lại nhiều cảm giác thú vị cho người thưởng thức.', NULL, 'image/IMG_Douong/Kem_ChienChocolate.jpg', 5),
(28, 'Kem Xốp Socola', 'Socola đen: 150g Lòng trắng trứng gà: 100g Đường bột: 200g Kem tươi: 500ml', 'Cho kem tưới và 0,1 kg đường vào trng một âu inốc sạc đánh cứng để riêng đánh trên một chậu đá hoặc kem tươi để thật lạnh trước khi đánh)\r\n\r\nSocola đun chảy (cách thuỷ với nhiệt độ 32 độ C), Phần đường còn lại đun thành siro với 1 chút nước.\r\n\r\nLòng trắng trứng đánh cứng như tuyết sau đó cho đường đun (đường đang sôi) ở nhiệt độ trên vào và đánh đều liên tục(chú ý không để đường đông lại).\r\n\r\nTrộn một chút kem tươi với socola còn ấm dùng phới đánh đều sau đó trộn với kem còn lại, cuối cùng trộn với lòng trắng trứng đã được đánh ở trên.\r\nBảo quản trong tủ lạnh, khi bày kem ra từng cốc. Trang trí bằng kem tươi đã  được đánh ', 'Vào những ngày đầu thu oi bức này thì còn gì tuyệt vời hơn là được ăn một ly kem do chính tay mình làm', NULL, 'image/IMG_Douong/Kem_XopChocolate.jpg', 5),
(29, 'Kem Dâu Tình Yêu', '400 g dâu tây (chọn quả tươi, chín đỏ), 1 bát đường xay, 2 lòng đỏ trứng gà, 500 ml kem tươi', '- Dâu tây rửa sạch nhiều lần với nước muối pha loãng, cắt nhỏ rồi cho vào máy sinh tố xay nhuyễn.\r\n\r\n- Dùng máy đánh trứng đánh nổi lòng đỏ trứng, rồi cho từ từ đường vào và tiếp tục đánh cho tan đường, cho tiếp phần dâu đã xay vào đánh đều lên.\r\n\r\n- Cho tiếp kem tươi vào và tiếp tục đánh cho đến khi hỗn hợp này đều và nổi mịn, hoặc có thể đánh kem tươi riêng cho nổi, rồi trộn đều với hỗn hợp dâu trứng đường ở trên.\r\n- Cho kem vào khuôn rồi cho vào tủ đá.\r\n\r\n- Dùng muỗng, múc kem ra ly. Trang trí thêm bánh và dâu tây tươi cắt hạt lựu.', 'Bạn băn khoăn không biết làm gì cho một nửa của mình trong mùa hè oi bức này. Tại sao không thử tự tay chế biến món kem dâu tình yêu này, chắc chắn người ấy sẽ bất ngờ với ly kem dâu mát lạnh, ngọt ngào như chính tình yêu của bạn. ', NULL, 'image/IMG_Douong/Kem_DauTinhYeu.jpg', 5),
(30, 'Kem Chanh Cho Ngày Nắng', '1/2 cốc nước  1/4 cốc đường  Vỏ chanh  1/2 cốc nước chanh vắt  Rượu vodka hương chanh', 'Cho nước, đường, vỏ cam nạo vào nồi. Bắt lên bếp, để lửa vừa. Thỉnh thoảng khuấy đều cho đến khi đường tan, và nồi sôi lên.\r\n\r\nNhấc nồi ra khỏi bếp, đậy nồi lại, để yên khoảng 20~40 phút. Rồi chuyển hỗn hợp vào tô. Cho nước chanh vào, trộn đều.\r\n\r\nĐể vào tủ lạnh ướp cho đến khi lạnh, khoảng 1~2 tiếng.\r\n\r\nTrước khi cho vào máy làm kem, nếm thử, nếu cần thêm đường thì cho thêm vào, khuấy đều khoảng 2~3 phút cho đến khi đường tan hẳn.\r\n\r\nKhi hỗn hợp lạnh rồi. Cho hỗn hợp vào hộp trữ kem rộng có đáy cạn, đậy kín lại. Bỏ vào ngăn đá khoảng 5~6 tiếng hoặc cho đến khi kem đông lại. Cho vào máy xay thức ăn, hoặc dùng đồ đánh trứng, đánh để làm vỡ đá đông lại trong kem, cho kem trộn đều và trở nên mịn. Cho vào trở lại tủ đông. Lập lại như vậy khoảng 2 lần.\r\n\r\nMúc ra ly hoặc cốc trang trí.', 'Là món đã quá quen thuộc với mùa hè song hương vị của mỗi một loại kem lại có sức hấp dẫn riêng. Từ những nguyên liệu và cách pha chế khác cũng tạo ra những mùi vị khác nhau. Kem chanh thoảng chua, đọng lại vị ngọt nơi cổ chắc chắn sẽ đánh thức cảm giác của bạn.', NULL, 'image/IMG_Douong/Kem_ChanhNgayNang.jpg', 5),
(31, ' Kem Tuyết Chanh Dây ', '- 2 lòng trắng trứng gà  - 200gr đường trắng  - 100ml nước  - 200 gr sữa bột béo  - 200ml nước ép chanh dây (hoặc dùng chanh dây tươi bỏ hột)  - 2 ống vani  - Tô thủy tinh', '- Cho đường và nước, vani vô nồi nấu lửa riu riu 15 phút cho đường tan hết và hơi sánh lại\r\n\r\n- Dùng máy đánh trứng đánh bông lòng trắng trứng 7 phút\r\n\r\n- Đổ từ từ nước đường còn đang nóng vào, đánh thêm 5 phút nữa, đổ ra tô, bỏ tủ lạnh 20 phút\r\n\r\n- Xay hỗn hợp nước ép chanh dây và sữa bột béo\r\n\r\n- Dùng muỗng to trộn với hỗn hợp nước đường và trứng đã lạnh cho đều\r\n\r\n- Để ngăn đá tủ lạnh 1 tiếng là ăn được\r\n\r\nMón kem này còn có tác dụng an thần, trị chứng mất ngủ, thích hợp ăn vào buổi tối đó bạn', 'Bạn đang kiếm một thức uống mát lạnh, đương đầu với sức nóng của mùa hè! Thì đây: Kem tuyết chanh - Xin mời!   ', 15000, 'image/IMG_Douong/Douong31.jpg', 5),
(32, 'Kem Việt Quất ', '2 tách nam việt quất  3/4 tách đường  1/8 thìa cà phê muối  1 tách sữa tươi   1,5 tách kem béo  lá bạc hà.', 'Bước 1:\r\n\r\nNam việt quất rửa sạch, cho vào nồi cùng đường và muối, nấu ở nhiệt độ trung bình,dùng nĩa vừa khuấy vừa xăm cho mềm.\r\n\r\nBước 2:\r\n\r\nThỉnh thoảng khuấy đều, nấu lửa vừa trong khoảng 5 phút rồi tắt bếp để nguội\r\n\r\nBước 3:\r\n\r\nCho nam việt quất đã nấu vào máy xay, thêm sữa tươi vào, bật máy đánh đến khi mịn rồi khuấy kem vào. Rây hỗn hợp vào tô, dùng lưng muỗng ép để chắt hết nước.\r\n\r\nBước 4:\r\n\r\nBọc lại, để lạnh ít nhất 2 tiếng hoặc đến khi lạnh\r\n\r\nBước 5:\r\n\r\nDùng máy làm kem, làm đông hỗn hợp lại.\r\n\r\nBước 6:\r\n\r\nCho vào tủ lạnh để làm cứng kem lại.\r\n\r\nBước 7:\r\n\r\nDọn dùng trong ly martini, dùng trái tươi và bạc hà trang trí.\r\n\r\nThêm một thanh sô cô la cho đẹp.\r\n\r\nMách nhỏ: Tuy có thể làm nhanh nhưng tốt hơn nên để kem trong tủ lạnh 1 ngày trở lên, như thế kem sẽ cứng và ngon hơn. Muối chỉ cho ít đủ để tạo độ cứng cho kem.', 'Mùa hè thích nhất vị kem mát lạnh! Thêm vị kem mát vào trong thực đơn ngày hôm nay như một điều bất ngờ dành cho gia đình.  ', 10000, 'image/IMG_Douong/Douong32.jpg', 5),
(33, 'Kem Chocolate', '500 ml sữa tươi  4 lòng đỏ trứng gà  2 thanh chocolate  100 gr đường  1 hộp kem tươi', 'Chocolate đun nóng chảy.\r\n\r\nKem tươi đánh nổi.\r\n\r\nĐánh trứng với đường cho bông.\r\n\r\nCho sữa tươi và chocolate vào nồi đun, khuấy đều tay và liên tục. Khi hỗn hợp sôi, bạn rót sang bát trứng đã đánh, dùng dụng cụ đánh trứng khuấy cho tan kem sữa.\r\n\r\nCho hỗn hợp trên vào nồi đun nhỏ lửa, quấy thật đều tay cho đến khi kem nặng tay thì bỏ ra.\r\n\r\nĐể kem nguội hẳn, cho kem tươi vào đảo đều.\r\n\r\nBỏ vào hộp để tủ lạnh.', 'Món kem chocolate ngọt ngào sẽ khiến bạn vô cùng thích thú. Nó sẽ giúp bạn xua tan cái nắng nóng mùa hè  ', 6000, 'image/IMG_Douong/Douong33.jpg', 5),
(34, 'Kem Xoài', '- 2 chén nước sinh tố xoài  - 4 lòng đỏ trứng gà  - 2/3 chén đường  - 1 thìa nước chanh  - ½ chén nước cốt dừa  - ½ chén kem tươi  - Vỏ quế, xoài tươi, dừa tươi, dừa nạo khô', 'Cho trứng, đường vào tô, dùng máy đánh trứng đánh nhuyễn cho đường tan hết. Đặt bát trứng lớn chảo nước nóng đun nhỏ lửa, dùng máy đánh trứng đánh tiếp cho đến khi hỗn hợp sệt lại thì nhấc khỏi bếp, đánh thêm khoảng 1 phút nữa cho nguội hẳn.\r\nĐổ nước sinh tố xoài, nước cốt dừa và kem tươi vào, dùng thìa khuấy đều, nhẹ tay.\r\n\r\nĐổ hỗn hợp kem vào khuôn kim loại cỡ 18x27 cm, đậy nắp lại và làm lạnh trong vòng 3 tiếng hoặc cho đến khi hỗn hợp kem lạnh hoàn toàn.\r\n\r\nChuyển kem trở lại tô, dùng máy đánh trứng ở tốc độ nhanh nhất đánh tiếp cho hỗn hợp nhuyễn, đặc lại như bột là được. Đổ kem vào khuôn kim loại làm lạnh trong 5 tiếng hay để qua đêm càng tốt.\r\n\r\nKhi ăn múc kem ra vỏ quế, cho vài lát xoài cắt mỏng, một ít dừa tươi, dừa khô nạo lên trên.', 'Xoài là thức ăn bổ não, rất tốt cho những người lao động trí óc, học sinh ôn thi. Một ly kem xoài thơm mát là sự biến tấu giúp bạn có được món tráng miệng tuyệt vời.  ', 10000, 'image/IMG_Douong/Douong34.jpg', 5),
(35, 'Kem Đào Mát Lạnh Ngày Hè ', 'Kem vani  Đào tươi  Đường  Siro vị đào  Bánh quế', 'Đào tươi tách bỏ hột, cắt múi cau ướp với đường.\r\n\r\nCho kem ra ly, rưới siro lên, xếp những miếng đào vào, cho thêm bánh quế và thưởng thức.', 'Món kem vani được làm mới bởi hương vị của những trái đào thơm mát. Những ly kem ngọt ngào, mát lạnh sẽ khiến ngày hè của bé thêm vui.   ', 15000, 'image/IMG_Douong/Douong35.jpg', 5),
(36, 'Caramel Cho Ngày Hè ', '10 quả trứng  250 g đường  1 lit sữa tươi  1 ống vani', 'Cho100 g đường cùng nước lạnh, đun sôi tới khi đường có màu vàng nâu. Đây chính là đường caramel, đổ ra cốc.\r\n\r\nTrộn 10 lòng đỏ, 4 lòng trắng và 150 g đường, đánh tan hỗn hợp trên rồi đổ sữa vào khuấy đều, lọc qua lưới lọc, sau đó đổ vào cốc đã có đường caramel.\r\n\r\nXếp cốc vào chõ hấp chín. ', 'Caramel vừa ngọt vừa mát lại có mùi thơm của trứng, sữa rất hợp với mùa hè nắng nóng. Caramel không chỉ ngon miệng mà còn rất bổ dưỡng nữa.     ', 15000, 'image/IMG_Douong/Douong36.jpg', 5),
(37, 'Kem Cà Phê Sữa ', '- 300ml cà phê pha sữa đặc (nhiều sữa và cà phê, ít nước). - 2 quả chanh. - 350ml nước đường giữ lạnh (nấu tan 500ml nước với 500gr đường, giảm lửa liu riu trong 5 phút, để nguội). - 1 lòng trắng trứng đành nổi xốp.', '- Trộn nước đường lạnh với cà phê sữa.\r\n- Vắt nước cốt chanh và hỗn hợp vào hỗn hợp cà phê sữa và nước đường.\r\n- Rót vào khuôn, đặt vào ngăn đá tủ lạnh.\r\n- Kem đóng váng, lấy ra đánh đều.\r\n- Thực hiện 2 lần, cách nhau 1 giờ, đến khi kem đặc.\r\n- Trộn thêm vào kem 1 lòng trắng trứng gà đánh nổi xốp rồi cho vào tủ đông.\r\n\r\n ', 'Dùng lạnh.', NULL, NULL, 5),
(38, 'Kem Nho ', '- 1/2kg nho tươi - 2 quả chanh - 150g đường - 100ml nước - 200ml kem tươi - Một ít kẹo màu', 'Bóc sạch vỏ nho, thái nhỏ, gọt vỏ chanh, thái sợi nhuyễn, phần ruột chanh vắt nước cốt. Đun sôi đường với nước khoảng 5 phút. Cho nước cốt chanh, vỏ chanh vào, giữ lạnh. Cho hỗn hợp nước cốt chanh vào máy đánh kem, đánh trong 12 phút. Tiếp đến cho kem tươi vào đến khi đặc mịn, cho nho vào trộn đều, giữ lạnh.\r\nDùng thìa tròn, múc từng viên kem ra ly hay đĩa, trang trí thêm vài quả nho, rắc thêm kẹo màu. ', 'Món kem này dễ làm, ăn rất ngon, lạ miệng.', NULL, NULL, 5),
(39, 'Kem Thuyền Hoa ', '- Kem các loại. - 1/2 trái dứa. - Siro. - Kem sữa tươi. - Trái dâu tây. - Nho. - Lá dứa. - 1 chiếc ô nhỏ', '- Dùng 1/2 trái dứa, lấy 2/3 ruột, cho kem vào trong.\r\n- Trang trí một chút trái nho, dâu tây, dù, sữa đặc và siro.\r\n- Khi dọn ra đặt trên đĩa bằng.', 'Là loại kem rất ngon có vị ngọt và béo.', NULL, NULL, 5),
(40, 'Kem Yogurt', '2 hũ yogurt, 1/3 trái xoài, 1/2 trái kiwi, 2 trái dâu tây, kẹo màu, sô-cô-la, nước cốt chanh, 2 viên đá tinh khiết', 'Đá tinh khiết cho vào máy xay thật nhuyễn, đổ vào ly. Cho một lớp yogurt sô-cô-la trên mặt ly. Sau đó rưới một lớp si rô có mùi bạn yêu thích lên trên và trang trí bằng các loại trái cây nhiều màu như nho, xoài, đu đủ, táo... và các loại kẹo dẻo, kẹo màu, một chút sữa đặc. Cuối cùng rắc thêm vài hạt cốm màu lên trên.', 'Yogurt là món ăn dễ làm và bổ dưỡng, chỉ mất 5 phút bạn sẽ làm cho bạn bè phải tròn mắt ngạc nhiên về tài khéo léo của mình. ', NULL, NULL, 5),
(41, 'Sinh Tố Bơ Sữa ', '- 2 quả bơ sáp chin. (nhớ là bơ phải chin thì mới ngon. Lúc chọn bơ, bạn nêm bóp nhẹ xung quanh quả bơ, nếu nó đàn hồi lại thì là bơ chin, ngon. Hoặc có thể cầm quả bơ lên lắc lắc, nếu nghe thấy tiếng kêu nhẹ của hột đã lóc ra thì là bơ ngon). - 100ml sữa tươi - 30gr sữa đặc có đường - 30ml nước cốt dừa - Đá bào - 1 trái chanh - 40ml nước sôi để nguội - Đường', '- Cắt bơ ra, bỏ hột, bỏ vỏ, cắt miếng nhỏ rồi cho vào máy xay sinh tố\r\n- Cho thêm đường vào cối, thêm một chút nước sôi để nguội,\r\n- Cho sữa tươi vào máy xay sinh tố, cho vào bằng khoảng 2/3 lượng bơ.\r\n- Cho tiếp nước cốt dừa vào máy xay sinh tố, cho vào khoảng bằng 1/2 lượng bơ.\r\n- Sau đó cho sữa đặc có đường vào, cho vào khoảng 1/3 lượng bơ.\r\n- Thêm vào một muỗng nước cốt chanh\r\n- Xay nhuyễn hỗn hợp trên, sau đó cho đá bào vào, xay tiếp đến khi nhuyễn ra thì thôi\r\n\r\n- Rót vào ly, và thế là chúng ta đã có một món sinh tố bơ thật là mát lạnh, thơm ngon và bổ dưỡng.', 'Sẽ thật tuyệt vời khi được thưởng thức một ly sinh tố bơ mát lạnh giữa mùa hè oi bức này. Có rất nhiều cách để pha chế được một ly sinh tố bơ, nhưng cách pha chế sau đây đảm bảo sẽ mang lại cho bạn một món sinh tố mát lạnh, đâm đà, thơm ngon.', NULL, NULL, 6),
(42, 'Sinh Tố Sapôchê ', '- Sapôchê : 1quả (100g)  - Sữa tươi : 100 ml  - Đường : 10g  - Đá đập hay bào nhuyễn.', '- Sapôchê gọt vỏ, bỏ hột, cắt miếng.\r\n\r\n- Cho Sapôchê, Sữa tươi, đường vào máy xay sinh tố, xay nhuyễn.\r\n\r\n- Cho ly sinh tố vào tủ lạnh (ngăn mát) để lạnh, hoặc có thể đập đá nhuyễn cho vào cối xay luôn với sinh tố\r\n\r\n- Trang trí thêm que khuấy có hình trái cây xinh xắn để ly sinh tố trông ngộ nghĩnh  và hấp dẫn  hơn.', 'Mùa hè nóng nực, được thưởng thức một ly sinh tố mát lạnh thật là tuyệt vời. Hãy thử pha chế món sinh tố Sapôchê theo cách dưới đây, chắc chắn cả gia đình bạn sẽ cảm thấy dễ chịu hơn trong cái nắng oi bức của mùa hè.', NULL, NULL, 6),
(43, 'Thơm Bùi Sinh Tố Chuối Lạc', '- Sữa tươi 500 ml  - Chuối chín 4 quả  - Lạc rang hoặc hạt điều 50g Đường hoặc mật ong', '\r\n- Lạc rang đập giập cho vào 1 cái bát. Lạc bạn có thể rang trên chảo rồi bóc vỏ, cũng có thể dùng lò nướng, lò vi sóng rang lạc.\r\n- Chuối bỏ vỏ cắt miếng, cho chuối, lạc, sữa vào máy xay sinh tố, có thể thêm đường, mật ong nếu muốn.\r\n- Nhấn nút xay trong 1 phút đến khi hỗn hợp nhuyễn mịn là được.\r\nMách nhỏ:\r\n\r\n- Chuối và sữa bạn có thể cho vào tủ lạnh trước, sau khi xay xong ly sinh tố sẽ có độ mát và bạn không cần cho thêm đá nữa.\r\n- Ngoài sữa tươi có thể dùng sữa đậu nành, hương vị cũng rất thơm ngon và thanh mát.', 'Hương vị thơm ngon vô cùng, một ly sinh tố bổ dưỡng thế này trong bữa sáng sẽ giúp bạn tràn đầy năng lượng và khởi đầu ngày mới thật ngọt ngào', NULL, NULL, 6),
(44, 'Sinh Tố Xoài Cà Chua', '- Cà chua bi 300g  - Xoài chín 1 quả  - Đường 3 thìa - Nước 200ml', '- Cho cà chua, xoài, nước và đường vào máy xay sinh tố.\r\n\r\n- Nhấn nút xay trong 30 giây, đến khi xoài và cà chua nhuyễn là được.\r\n- Rót ra các ly uống liền. Thêm đá nếu muốn uống lạnh', 'Trời nóng, trẻ con đến người lớn ai cũng thích các loại nước trái cây, sẵn có cà chua bi và xoài chín ngọt, mình thử chế biến thành sinh tố xem sao, và kết quả là ngon tuyệt vời.', NULL, NULL, 6);
INSERT INTO `douong` (`MaDU`, `TenDU`, `NguyenLieu`, `CachLam`, `GioiThieu`, `Dongia`, `Anh`, `MaDM`) VALUES
(45, 'Sữa Đậu Hạt Sen', ' - Hạt sen 50g - Đậu đỏ 50g - Đậu nành 50g - Đường, nước', ' Hạt sen, đậu đỏ và đậu nành đem ngâm nước trước 1 đêm. Hôm sau rửa sạch.\r\n Cho tất cả các loại hạt này vào máy xay sinh tố, thêm 1 lít nước, xay mịn rồi lọc bã bỏ đi.\r\n\r\n- Phần nước hạt sen và đậu cho lên bếp đun sôi, thêm nước nếu cần.  \r\n Khi uống có thể cho đường hoặc không tùy sở thích của bạn. \r\n\r\n- Thức uống này bổ dưỡng, hạt sen giúp thư giãn, an thần, tốt cho người hay làm việc căng thẳng. Đậu đỏ giàu chất sắt, tăng cường sức đề kháng, rất có lợi cho sức khỏe và vẻ đẹp phụ nữ. Còn đậu nành giàu protein, dinh dưỡng cao, chứa nhiều chất béo có lợi cho tim. ', 'Sữa đậu hạt sen có mùi thơm nhẹ, uống nóng hoặc lạnh đều ngon miệng, đặc biệt giàu năng lượng cho bữa sáng của bạn.', NULL, NULL, 6),
(46, 'Dâu Tây Chuối', '- 12 quả dâu tây tươi - 1 cốc sữa tươi - 1 quả chuối - 1 - 2 thìa mật ong Đá viên', '-  Dâu tây rửa sạch dưới vòi nước chảy, để thật khô. \r\n- Chuối bóc vỏ, thái miếng nhỏ\r\n- Cho tất cả các nguyên liệu vào máy xay sinh tố, nhấn nút xay trong 1 phút, đến khi các nguyên liệu nhuyễn mịn là được.\r\n- Rót ra các ly, trang trí thêm những lát dâu tây đỏ, uống liền. \r\n', 'Sinh tố chuối và dâu tây là một món mà người lớn trẻ nhỏ  đều thích.', NULL, NULL, 6),
(47, 'Sinh Tố Chanh Đu Đủ', '- Đu đủ chín nửa quả  - Chanh tươi nửa quả, chọn loại chanh vàng để vỏ đỡ bị đắng  - Mật ong  - Nước lọc', '- Đu đủ gọt vỏ, bỏ hạt, cắt miêng vuông\r\n\r\n- Chanh rửa sạch, cắt vài lát ngang, gạt bỏ hạt còn lại vắt lấy nước cốt. \r\n\r\n- Đu đủ đã thái miếng, 2 – 3 lát chanh cả vỏ, nước cốt chanh, mật ong 2 thìa (độ ngọt tùy khẩu vị của bạn), 1 cốc nước mát, tất cả cho vào máy xay sinh tố. Ấn nút xay khoảng 20 giây. Các nguyên liệu nhuyễn mịn và hòa quyện với nhau, đổ ra cốc. Thêm đá nếu bạn thích uống lạnh.', 'Sinh tố chanh đu đủ như một thứ “thần dược” bổ sung năng lượng, giúp bạn thư giãn, tỉnh táo, đặc biệt tốt khi dùng trong bữa sáng.', NULL, NULL, 6),
(48, 'Đu Đủ Sữa - Sinh Tố Sắc Đẹp', '- Đu đủ chín 200g - Sữa tươi 1 cốc - Mật ong hoặc đường', '- Đu đủ gọt vỏ, gạt bỏ hạt, thái miếng nhỏ.\r\n- Cho sữa, đu đủ và mật ong vào máy xay sinh tố. Xay đến khi hỗn hợp mịn nhuyễn là được.\r\n\r\n- Đổ ra các ly, thêm đá mát lạnh sẽ ngon hơn.', 'Làm việc không nghỉ ngơi, thời tiết thay đổi… khiến bạn mệt mỏi, da dẻ kém tươi trẻ, vậy hãy chọn ngay sinh tố đu đủ, thứ nước quả diệu kỳ cho sức khỏe và sắc đẹp của bạn.', NULL, NULL, 6),
(49, 'Sinh Tố Dứa', '  - Dứa (thơm) 1 quả  - Dưa vàng 1 miếng to, bạn có thể dùng dưa lê, dưa bở, dưa lưới... đều được.  - Đường  - Sữa tươi 1 cốc', '- Dứa gọt vỏ, bỏ mắt, cắt miếng mỏng\r\n\r\n- Dưa gọt vỏ, lấy phần thịt quả, cắt miếng vuông.\r\n\r\n- Cho hoa quả, sữa tươi và 1 thìa đường vào máy xay sinh tố, thêm đá viên. Nhấn nút xay trong 1 phút. Sinh tố nhuyễn mịn là được.', 'Thời tiết sắp chuyển hè oi nóng, nếu uống mỗi ngày một ly nước dứa tự làm như thế này thì không những xua tan được cái ngột ngạt mệt mỏi mà còn nuôi dưỡng vẻ đẹp, chống lão hóa rất hiệu quả.', NULL, NULL, 6),
(50, 'Sinh Tố Chuối Trà Xanh', '- 2 quả chuối  - 1 thìa nhỏ bột trà xanh Nhật Bản  - Sữa tươi 1 cốc hoặc 3 thìa sữa đặc  - Đường  -  Đá viên', '- Chuối chín bóc vỏ cắt miếng, cho chuối, sữa tươi, bột trà xanh, đá và lượng đường thích hợp vào máy xay sinh tố.\r\n- Nhấn nút xay trong một phút đến khi các nguyên liệu nhuyễn mịn là được. \r\nĐổ ra ly uống liền\r\n', 'Ly sinh tố thơm ngon lạ miệng giúp bạn tỉnh táo và sẵn sàng cho một ngày làm việc mới.  Chuối rất giàu vitamin và khoáng chất, giúp ngon miệng, loại bỏ stress đem lại tâm trạng vui vẻ… vậy bạn hãy làm cho mình và gia đình món sinh tố ngon bổ này nhé', NULL, NULL, 6),
(51, 'Nước Sen Dừa', '(cho 10 cốc): Hạt sen khô: 100 g, hoặc hạt sen tươi: 150 g, dừa thái nhỏ: 100 g, đường kính: 400 g, nước lọc. ', '- Hạt sen khô ngâm nước lã 2 tiếng cho nở, vớt ra xát, đãi sạch vỏ lụa.\r\n- Cho hạt sen vào nồi cùng với nước lã, đun sôi hớt bọt, kéo nồi ra cạnh bếp đun sôi âm ỉ khoảng 1 tiếng cho sen chín mềm, vớt sen ra để riêng. Nước luộc sen lọc sạch lấy nước trong để nguội.\r\n- Đường cho vào nồi cùng nước đun sôi lọc sạch, để nguội, đổ lẫn với nước luộc sen.\r\n- Khi uống cho sen, dừa vào cốc, rót nước đường vào 8/10 cốc, ướp lạnh hoặc cho đá vào uống lạnh.\r\nSau khi chế biến, hạt sen màu hơi vàng, nước trong trắng. Cốc nước nổi mùi thơm của sen, vị ngọt mát. Hạt sen chín bở, không bị vỡ chín. ', 'Vào ngày hè, bạn có thể tự chế biến các cốc nước gải khát với những nguyên liệu sẵn có. Nước sen dừa là một món uống có tính giải nhiệt cao và tốt cho sức khoẻ. ', NULL, NULL, 9),
(52, ' Nước Nha Đam Mát Lạnh ', '1 cốc nước  2 lá nha đam loại to  Nửa quả chanh tươi  Đường  Đá', 'Nước nha đam mát lạnh\r\nCắt lá nha đam thành những mẩu nhỏ\r\n\r\n \r\n\r\nNước nha đam mát lạnh\r\nDùng dao cắt lọc phần vỏ bỏ đi, phần ruột bên trong như một thứ thạch trong suốt\r\n\r\n \r\n\r\nNước nha đam mát lạnh\r\nLần lượt cắt và lọc hết vỏ để lấy phần trong suốt của lá\r\n\r\n \r\n\r\nNước nha đam mát lạnh\r\nSau khi cắt thì bạn rửa sạch tay luôn vì lá nha đam rất nhớt\r\nVắt nước chanh tươi vào cốc nước, cho đường, ngoáy thật đều\r\n\r\n \r\n\r\nNước nha đam mát lạnh\r\nCho nha đam vào một cái cốc nhỏ khác, dùng thìa dầm nhỏ ra, rồi cho vào cốc nước chanh\r\n\r\n \r\n\r\nNước nha đam mát lạnh\r\nNếu bạn không thích dầm nha đam thì cắt miếng nhỏ ra rồi cho vào cốc nước chanh cũng được\r\n\r\n \r\n\r\nNước nha đam mát lạnh\r\nThêm đá vào uống rất mát\r\n\r\n \r\n\r\nNước nha đam mát lạnh\r\nChọn những viên đá hình trái tim hay bông hoa làm ly nước thêm sinh động\r\n\r\n \r\n\r\nNước nha đam mát lạnh\r\nNgoài kiểu pha nước này thì có thể cho vào máy xay sinh tố, xay cùng với đường và nước chanh là bạn có một ly sinh tố rất ngon và thanh mát.\r\n\r\n \r\n\r\nNước nha đam mát lạnh\r\nNha đam xay bông bọt và gần như tan hết thành nước\r\n\r\n \r\n\r\nNước nha đam mát lạnh\r\nVị nha đam được giữ nguyên trong các miếng nhỏ trong suốt, ăn như thạch, rất thú vị\r\n\r\n \r\n\r\nNước nha đam mát lạnh\r\nThêm vài lát chanh tươi vừa để trang trí vừa để ly nước thêm thơm mát', 'Cây nha đam hay người ta vẫn gọi là cây lô hội, hoặc như trong các siêu thị lớn thì lại gọi là long tu, được biết đến như một nguyên liệu đặc biệt để sản xuất mỹ phẩm. Nhưng thật ra loại cây này còn có nhiều công dụng hơn thế.    ', 15000, 'image/IMG_Douong/Douong52.jpg', 9),
(53, 'Đón Hè Với Hương Vị Sấu', 'Sấu', 'Những hàng sấu là hình ảnh khá quen thuộc mà ta có thể bắt gặp khi đi dạo trên các con phố. Từng chùm sấu nhỏ hòa lẫn với màu xanh của cành, lá làm mát dịu biết bao ánh mắt của những người đi qua.\r\n\r\nNhìn vẻ ngoài sấu không đẹp, trái sấu nhỏ nhỏ, màu xanh và hơi chút xù xì. Khi nắng hè bắt đầu chói chang, thì đó là lúc những trái sấu xuất hiện nhiều ở chợ và các hàng quán. Từ những trái sấu nhỏ xinh ấy đã có vô vàn các món ăn ra đời, trong đó có một món không thể quên, đó là sấu ngâm.\r\nChế biến một lọ sấu ngâm không khó, nhưng cần có tính kiên nhẫn, tỉ mỉ. Gọt vỏ sấu rất khó vì trái nhỏ vỏ lại cứng. Gọt vỏ xong, dùng dao nhỏ và sắc gọt xoáy tách phần thịt sấu ra khỏi hột và ngâm chúng vào nước vôi loãng. Khoảng một giờ sau, vớt sấu ra, rửa sạch lại bằng nước lã, để ráo nước rồi chần nhanh sấu qua nước sôi. Sau đó, ngâm sấu với một lượng đường vừa đủ để nước sấu có vị ngọt thanh. Người ta còn cho thêm gừng giã dập để lọ sấu dầm tăng thêm hương vị.\r\nCó thể tùy vào thời tiết mà chúng ta có thời gian ngâm sấu phù hợp. Song tốt nhất là để sau 24 giờ vì khi đó sấu mới ngấm kỹ đường. Chắt một chút nước cốt, thêm vào vài ba quả sấu ngâm với vài muỗng đá bào là bạn có ngay một thứ nước giải khát dễ uống và khó quên.\r\n\r\nVới vị chua thanh thanh của sấu, pha lẫn vị ngọt của đường và mùi thơm của gừng, bạn sẽ cảm nhận được sự mát lạnh hòa tan trong miệng. Sấu giòn tuởng như vỡ vụn ra ngay khi vừa đưa vào miệng. Rồi cái vị ngòn ngọt, thơm thơm ấy cứ vương vấn mãi nơi cổ họng.\r\n\r\nKhông phải là thứ thức uống cầu kỳ, ngược lại sấu dầm rẻ tiền và dễ làm. Với một chút khéo léo của mình, những ly nước sấu mát lạnh tự tay bạn chế biến đã khiến ngày hè ngột ngạt trở nên ngọt ngào hơn.', 'Sấu không phải là loại quả có quanh năm. Mùa của sấu cũng là mùa của nắng hè. Với những trái sấu, cái oi bức nóng nực của mùa hè dường như phải nhường chỗ…  ', 5000, 'image/IMG_Douong/Douong53.jpg', 9),
(54, 'Yaourt Sữa Thanh Long ', '- 2 quả thanh long. - 50gr chuối. - 1 hủ yaourt lỏng. - 1/2 ly sữa tươi. - 1 thìa súp đường cát.', '- Cắt vát 1 mặt quả thanh long, lầy phần ruột bên trong thái miếng nhò.\r\n- Lột vỏ chuối, thái nhỏ.\r\n- Hòa tan đường và chút nước, thắng vừa vàng sóng sánh là được.\r\n- Cho thanh long, chuối và sữa chua vào máy xay sinh tố, xay vừa nát.', 'Cho hỗn hợp sinh tố vào quả thanh long đã khoét ruột, rưới nước đường lên, dùng ngay.', NULL, NULL, 9),
(55, 'Mướp Đắng Thập Cẩm ', '- 300gr mướp đắng. - 1 quả cam. - 1/2 quả chanh. - 1/2 thìa cà phê muối. - 1 bát nước đun sôi để nguội. - Một ít đá bào. - 1 thìa súp đường.', '- Rửa mướp đắng, bổ đôi, bỏ hạt, thái khoanh mỏng.\r\n- Bổ đôi cam, chanh, vắt lấy nước cốt, để riêng từng loại.\r\n- Cho mướp đắng, nước sôi để nguội vào máy xay sinh tố, xay nhuyễn.\r\n- Tiếp tục, cho nước cốt cam, chanh, đường, muối vào máy xay sinh tố, xay thêm 1 lần nữa.\r\nMách nhỏ:\r\nCó thể luộc sơ mướp đắng với chút muối để bớt mùi hăng.', 'Khi nào dùng, cho đá bào vào.', NULL, NULL, 9),
(56, '', NULL, NULL, NULL, NULL, NULL, 9),
(57, 'Yaourt Bí Đỏ ', '- 200gr bí đỏ. - 1/2 hũ yaourt lỏng. - 2 thìa súp vani. - 1/2 bát sữa tươi. - 3 thìa súp đường. - 1 nhúm muối. - 1 bát nước đun sôi để nguội.', '- Gọt vỏ bí đỏ, rửa sạch, thái miếng nhỏ, cho vào máy xay sinh tố cùng với chút nước, xay nhuyễn.\r\n- Lấy bí ra, cho vào nổi nấu trên lửa nhỏ, thêm đường. muối vào khuấy tan.\r\n- Bí đỏ chín, nhấc xuống, để nguội.\r\n- Cho bí, yaourt, sữa tươi, vani vào máy xay sinh tố, xay nhuyễn.', 'Đổ ra ly, ướp thật lạnh trước khi dùng.', NULL, NULL, 9),
(58, 'Nước Ép Măng Tây Thập Cẩm ', '- 300gr măng tây. - 1 quả cam. - 1/2 quả dứa. - 1 quả chanh. - 1 thìa cà phê muối. - 1 thìa cà phê đường vàng. - 1 bát nước đun sôi để nguội. - Một ít đá viên tinh khiết. - Vài cọng măng tây trang trí.', '- Rửa sạch măng tây, tước bỏ bớt xơ, thái nhỏ.\r\n- Bổ đôi cam, chanh, vắt lấy nước cốt.\r\n- Gọt vỏ dứa, bỏ mắt, cho vào máy ép lấy nước.\r\n- Cho măng tây vào máy ép lấy nước cốt.\r\n- Cho nước cốt măng tây, nước cốt cam, chanh, dứa, đường, muối vào nước đun sôi để nguội, khuấy đều.\r\nMách nhỏ:\r\nĐể ly nước thơm ngon, nên luộc măng tây trước khi ép. ', 'Cho hỗn hợp nước măng tây này vào ly, cho đá viên vào, trang trí thêm vài cọng măng tây', NULL, NULL, 9),
(59, 'Nước Ép Bắp Cải Pha Dứa ', '- 200gr bắp cải trắng. - 150gr dứa. - 2 thìa súp đường. - Đá viên.', '- Tách lá bắp cải, rửa sạch, thái nhuyễn.\r\n- Cho bắp cải vào máy xay sinh tố, xay thật nhuyễn, lọc qua rây để lấy nước.\r\n- Gọt bỏ mắt dứa, cho vào máy ép lấy nước cốt.\r\n- Trộn đều nước dứa, nước bắp cải, cho đường đã hòa tan với chút nước đun sôi để nguội vào.\r\n- Cho đá viên và hỗn hợp nước vào bình lắc thật đều.', 'Lấy nước sinh tố ra ly, dùng lạnh rất ngon.', NULL, NULL, 9),
(60, 'Nước Ép Củ Dền ', '- 600gr củ dền. - Một ít đá viên. - 2 thìa súp đường vàng.', '- Gọt vỏ củ dền, rửa sạch, để ráo, thái làm đôi.\r\n- Hòa tan đường với chút nước, cho vào nồi đun với lửa liu riu đến khi nước đường sóng sánh vàng, nhấc xuống để nguội.\r\n- Cho củ dền vào máy ép lấy nước cốt.\r\n- Kế tiếp, cho nước đường đã đun vào hỗn hợp nước cốt củ dền, hòa tan ', 'Cho nước củ dền ra ly, cho đá viên vào, dùng ngay.', NULL, NULL, 9),
(61, 'Trái Cây Trộn Nước Chanh Dây ', '- 100gr dâu tây. - 1 quả thanh long. - 1/2 quả xoài chín. - 1/2 quả cam. - 1 quả kiwi. - 5 quả nho. - 1/2 quả táo đỏ. - 2 quả chanh dây. - 2 thìa cà phê đường. - 1/2 thìa cà phê muối. - 1 cọng rau mùi tây.', '- Ngâm dâu tây với nước muối pha loãng, nhặt sạch cuống, rửa sạch lá, để ráo, bổ làm tư.\r\n- Bổ đôi thanh long, dùng thìa tròn múc từng viên nhỏ, giữ lại vỏ làm thố đựng trái cây.\r\n- Gọt vỏ xoài, dùng thìa tròn múc viên vừa ăn.\r\n- Gọt vỏ cam, tách múi, lột bỏ lớp vỏ lụa.\r\n- Gọt vỏ kiwi, thái múi nhỏ.\r\n- Rửa sạch nho, bổ đôi, tách bỏ hạt.\r\n- Rửa táo, bỏ lõi và hạt, dùng dao răng cưa xắn múi nhỏ.\r\n- Bổ đôi chanh dây, lấy 1 thìa súp ruột để riêng, phần còn lại cho vào máy ép lấy nước cốt.\r\n- Hòa tan nước cốt chanh dây với muối, đường.\r\n- Cho trái cây vào vỏ thanh long, rưới nước cốt chanh dây, trang trí thêm hạt chanh dây, rau mùi tây. ', 'Dùng tráng miệng rất ngon.', NULL, NULL, 9),
(62, 'thanh nhiet', 'sendsacool\r\nnước loc', 'pha đi', 'giai nhiet', 0, '/image/IMG_Douong/62.jpg', 0);

-- --------------------------------------------------------

--
-- Table structure for table `khachhang`
--

CREATE TABLE IF NOT EXISTS `khachhang` (
  `MaKH` int(11) NOT NULL AUTO_INCREMENT,
  `TenKH` varchar(50) COLLATE utf8_unicode_ci NOT NULL,
  `TenDangNhap` varchar(30) COLLATE utf8_unicode_ci NOT NULL,
  `Matkhau` varchar(30) COLLATE utf8_unicode_ci NOT NULL,
  `Email` varchar(50) COLLATE utf8_unicode_ci NOT NULL,
  `DiaChi` varchar(100) COLLATE utf8_unicode_ci DEFAULT NULL,
  `DienThoai` varchar(11) COLLATE utf8_unicode_ci DEFAULT NULL,
  `Gioitinh` tinyint(1) DEFAULT NULL,
  `Ngaysinh` date DEFAULT NULL,
  PRIMARY KEY (`MaKH`)
) ENGINE=MyISAM  DEFAULT CHARSET=utf8 COLLATE=utf8_unicode_ci AUTO_INCREMENT=4 ;

--
-- Dumping data for table `khachhang`
--

INSERT INTO `khachhang` (`MaKH`, `TenKH`, `TenDangNhap`, `Matkhau`, `Email`, `DiaChi`, `DienThoai`, `Gioitinh`, `Ngaysinh`) VALUES
(1, 'Tung', 'tung', '123456789', 'tungvc@gmail.com', 'ha noi ', '01293837465', 1, '1988-11-02'),
(3, 'vũ chí tùng', 'tùng chí vũ', 'flasdfjlaskjdflaskdjfl', 'tung@gmail.com', 'hà nội', '12284732947', 1, '2010-02-02');

-- --------------------------------------------------------

--
-- Table structure for table `monan`
--

CREATE TABLE IF NOT EXISTS `monan` (
  `MaMA` int(11) NOT NULL,
  `TenMA` varchar(70) COLLATE utf8_unicode_ci NOT NULL,
  `NguyenLieu` text COLLATE utf8_unicode_ci,
  `CachLam` text COLLATE utf8_unicode_ci,
  `GioiThieu` text COLLATE utf8_unicode_ci,
  `Dongia` int(11) DEFAULT NULL,
  `Anh` varchar(300) COLLATE utf8_unicode_ci DEFAULT NULL,
  `MaDM` int(11) NOT NULL,
  PRIMARY KEY (`MaMA`)
) ENGINE=MyISAM DEFAULT CHARSET=utf8 COLLATE=utf8_unicode_ci;

--
-- Dumping data for table `monan`
--

INSERT INTO `monan` (`MaMA`, `TenMA`, `NguyenLieu`, `CachLam`, `GioiThieu`, `Dongia`, `Anh`, `MaDM`) VALUES
(1, 'Sushi Kem Trái Cây', '- Bánh mỳ sandwich 6 lát  - Trái cây: kiwi, dâu tây… bất cứ loại quả nào mà bạn thích tuy nhiên nên chọn quả mềm, không quá nhiều nước.  - Kem tươi (whipping cream) 100ml, 50g đường  - Nilon sạch ', '- Bánh mỳ cắt bỏ phần diềm cứng\r\n<img src="image/IMG_Monan/Monan1.jpg">\r\n- Dùng thanh cán bột cán cho bánh mỏng xẹp.\r\n- Kiwi gọt vỏ cắt miếng hình múi cau, bỏ lõi. Dâu tây rửa sạch, để ráo.\r\n\r\n- Kem tươi cho ra bát, thêm đường, dùng máy đánh tốc độ trung bình đánh cho kem bông mượt thì dừng lại. \r\n- Đặt 2 miếng bánh mỳ đã cán mỏng lên nilon sạch, miếng sau hơi chờm lên miếng trước khoảng 1/3, làm như vậy để nối dài phần vỏ bánh, khi cuộn sẽ dễ dàng hơn. Dùng thìa phết một lớp kem mỏng lên bánh.\r\n- Xếp những quả dâu tây thành một hàng lên trên lớp kem, có thể cắt bớt phần cuống và đuôi nhọn để các quả dâu kết dính tốt hơn và cuộn bánh mỳ cũng tròn đều.\r\n- Sau khi xếp hoa quả thì giữ miếng bánh, nhấc cả lớp nilon lên cuộn tròn lại như cuốn sushi. Lớp kem mỏng ở mép bánh sẽ giữ cho cuộn không bị bung ra.\r\n- Khi ăn cắt thành nhiều khoanh, mỗi khoanh bánh vừa một miếng cắn là được.\r\nLàm tương tự với kiwi, xoài, táo, lê, chuối hay đào…\r\n- Đặt các miếng bánh đã cắt cạnh nhau, lấy que tre dài xuyên qua tạo thành 1 xiên bánh, rất đẹp mắt.\r\n- Kết hợp nhiều loại trái cây cho bạn bữa ăn nhẹ phong phú hương vị và rực rỡ sắc màu. \r\n\r\n- Kem tươi và trái cây làm cho bánh mỳ không còn khô khan và khó nuốt nữa. Từng miếng bánh thơm ngon tan chảy trong miệng.\r\n- Món này có thể được thực hiện vào bữa sáng hoặc ăn nhẹ cho bọn trẻ vào buổi chiều.\r\n\r\n', 'Mùa hè là thời gian thiên đường của các loại trái cây, có một cách mới rất thú vị để bạn thưởng thức bữa sáng hương vị “thiên đường” ấy, đó là: Bánh mỳ cuộn kem trái cây.', 1000, 'image/IMG_Monan/Monan1.jpg', 6),
(2, 'Bánh Cam Sữa Chua', '- 2 chén bột mỳ  - ½ thìa muối  - 2 thìa bột nở  - 2 hộp sữa chua  - 1 chén đường  - 3 quả trứng  - 1 thìa vani  -  1 quả chanh vàng  - ½ chén mứt cam  - ½ chén dầu ăn', ' \r\n- Bật lò lên trước 250 độ. Chuẩn bị khuôn bánh, xịt dung dịch chống dính hoặc lấy một chút dầu ăn thoa đều khắp mặt khuôn. \r\n- Rây bột cho mịn\r\n- Cho lẫn bột  mỳ và muối \r\n \r\n- Rây tất cả ra một cái bát\r\n- Để sang một bên\r\n \r\n- Lấy một cái âu khác cho 1 hộp sữa chua,đường,trứng, vani,và bào chút vỏ chanh vào ,trộn thật đều.\r\n - Cho bột vào hỗn hợp trứng sữa \r\n- Thêm dầu ăn vào rồi đánh thật đều.\r\n- Có thể sẽ có vài cục vón nhưng bạn đừng lo, cứ đánh nhẹ nhàng cho đến khi hỗn hợp bột tương đối mịn.\r\n- Rót bột vào khuôn bánh \r\n - Nướng trong vòng 45 phút. Lấy bánh ra và để nguội.\r\n- Trong lúc chờ bánh nguội, bạn chuẩn bị mứt cam.\r\n- Rót mứt cam ra một cái chảo, đun chảy, đảo nhẹ đều đều.\r\n- Sau đó cho sữa chua vào chảo và tắt bếp\r\n- Tiếp tục đảo cho sữa và mứt quyện lại. \r\n- Lấy bánh ra khỏi khuôn \r\n- Rót hỗn hợp mứt sữa lên mặt bánh, để tất cả thật nguội\r\n- Và thưởng thức\r\n', 'Cuối tuần bạn làm một món bánh đặc biệt đãi cả nhà nhé. Bánh cam sữa chua là một gợi ý thú vị đấy.', 20000, '/image/IMG_Monan/2.jpg', 1),
(3, 'Bánh Pho Mát Thơm Ngậy', ' - Pho mát kem (cream cheese) 250 gr - 4 lòng đỏ trứng gà - 60 gr đường - 100 gr sữa - Nước cốt chanh 1 thìa (5ml) - Bột gelatine 7 gr - 60 gr bột mỳ - 50 gr bơ tan chảy  ', 'Bột gelatine ngâm vào một chút nước trong 15 phút.\r\n	\r\n	\r\nPho mát kem xắt thành miếng nhỏ, cho vào bát, thêm 30 đường. Dùng máy hoặc dùng thìa đánh cho đến khi mịn mượt như kem, đường tan hết.\r\n	\r\n	Tiếp theo cho từng lòng đỏ trứng vào pho mát, đánh đều rồi mới tiếp tục cho quả thứ 2, lần lượt đến hết 4 quả.\r\nTiếp đến cho sữa,\r\n \r\n \r\n \r\n	\r\n	\r\nnước cốt chanh.\r\n \r\n \r\n \r\n	\r\n	bơ tan chảy vào hỗn hợp pho mát, thêm 30 gr đường và chỗ gelatine ngâm nước vào. Trộn thật đều.\r\nBột mỳ rây vào hỗn hợp rồi dùng thìa quấy, chỉ quấy một chiều, thật đều tay thành hỗn hợp sền sệt.\r\n \r\n \r\n	\r\n	\r\nBật lò lên trước ở 150 độ C. Bôi một lớp bơ xung quanh khuôn.\r\n \r\n \r\n \r\n \r\n	\r\n	\r\nĐổ hỗn hợp bột bánh vào khuôn.\r\nĐặt khuôn vào khay nướng, đổ nước nóng vào khay nướng sao cho nước ngập khoảng ½ khuôn. \r\nNướng bánh trong 50 – 60 phút. Khi nướng được 30 phút thì lấy bánh ra xịt nước lạnh lên bề mặt để bánh không bị nứt.\r\nKhi bánh chín lấy ra để nguội, rồi cho vào tủ lạnh. Ướp lạnh khoảng 3 – 4 giờ ăn rất ngon.\r\n	\r\n	\r\n	\r\n	\r\n', 'Bánh pho mát mềm mượt như kem, dậy mùi thơm, vị beo béo rất hấp dẫn. Cuối tuần ở nhà bạn tranh thủ làm món này cho bọn trẻ nhé.', 70000, '/image/IMG_Monan/3.jpg', 1),
(4, 'Bánh Sữa Chua Dâu Tây Vừa Đơn Giản Vừa Ngon', '- 200g dâu tây tươi  - 200g bánh cookies  - 400g sữa chua  - 20g đường icing  - 100g sữa tươi  - Một vài lá bạc hà ', 'Bánh cookies nghiền thật nhỏ ra như bột, bạn có thể cho bánh vào túi nilon rồi dùng thanh cán bột lăn qua lăn lại. Đem bột bánh quy trộn với sữa thành hỗn hợp quánh dẻo\r\nCho bột vào khuôn bánh, láng đều quanh khuôn cho độ dày bằng nhau, chú ý để phần giữa rỗng. \r\nBật lò lên trước ở 180 độ C.  Cho khuôn có đế bánh vào nướng trong 15 phút. Đến khi bánh giòn và thơm là được.\r\n\r\nLấy ra để nguội rồi gỡ bánh ra khỏi khuôn.\r\nCho sữa chua vào lòng bánh, cắt dâu tây sắp lên trên theo hình hoa sen. Thêm vài lá bạc hà xanh trang trí cho rực rỡ\r\nRây đường icing lên trên cùng, độ ngọt ít nhiều là tùy sở thích của bạn nhé.', 'Bánh dâu hình hoa sen xinh xắn cách làm rất dễ, vị trái cây dịu ngọt quyện với lớp sữa chua mát lạnh và vỏ bánh xốp giòn thơm ngon.', 90000, '/image/IMG_Monan/4.jpg', 1),
(5, 'Pancake Tình Yêu', '1 chén bột mỳ  Một bát thịt dưa hấu đỏ  1 quả trứng  2 thìa đường ', '- Dưa hấu cắt miếng nhỏ, cho vào máy xay sinh tố xay nhuyễn.\r\n- Đập trứng ra bát, cho bột và nước ép dưa hấu vào trộn cùng nhau. Tùy khẩu vị mà bạn cho lượng đường phù hợp. Nếu nước ép dưa hấu hơi ít bạn có thể cho thêm một ít nước lọc. \r\nKhuấy hỗn hợp bột thật đều và mịn.\r\n \r\nĐặt chảo lên bếp, cho một lớp dầu ăn mỏng láng chảo, đun nóng.\r\n \r\n \r\n	\r\n	\r\nĐể nhỏ lửa, cho khuôn vào chảo, rót bột vào khuôn. Chiếc bánh dần chín, nở và theo đúng khuôn hình tim rất đẹp. Khi chiếc bánh thứ nhất đã gần chín thì bạn nhấc khuôn ra và tiếp tục rót chiếc bánh thứ 2, làm lần lượt như vậy cho nhanh.', 'Bữa sáng đơn giản nhưng cho bạn cảm giác thật dễ chịu và hạnh phúc. Hãy thử món bánh pancake vị dưa hấu thơm mát này nhé.', 70000, '/image/IMG_Monan/5.jpg', 1),
(6, 'Độc Đáo Bánh Trung Thu Rau Câu', 'Vỏ:(cho khoảng 15-20 bánh ) - 1 gói bột rau câu 25g - 2 lít nước - 400g đường - Ít sữa đặc  Nhân: - 1kg đậu xanh cà - 5 lon sữa bò nước - 1kg đường - 1/2 chén dầu ăn - 200g mứt bí xắt hạt lựu - 200g mứt gừng cắt sợi - 200g hạt dưa - 200 mè trắng - Vài giọt tinh dầu hoa bưởi - 15-20 lòng đỏ trứng vịt muối (luộc chín trứng, lấy tròng đỏ) * Khuôn nhựa, loại khuôn có đáy rời là tiện nhất', 'Nấu đậu xanh trong nước cho mềm.\r\n\r\nDùng thìa to đánh đậu xanh thật nhuyễn. Sau đó cho đường vào, quậy đều tay cho đến khi vón 1 ít lên xem, thấy đậu xanh mềm, mịn và trong là được.\r\n\r\nCho 1/2 chén dầu ăn vào trộn đều, lửa thấp.\r\n\r\nSau cùng thì cho mứt bí, mứt gừng, hạt dưa và mè rang vào, nhỏ vài giọt tinh dầu hoa bưởi trộn đều.\r\n\r\nNhắc ra khỏi lửa.\r\n\r\nChia nhân làm 15-20 viên, kèm lòng đỏ trứng muối vào giữa.\r\n \r\nRau câu ngâm với 2 lít nước độ 15 phút cho tan, sau đó đun sôi cho thật trong, để lửa nhỏ lại, cho hết sữa + đường vào nấu cho tan, hớt bọt.\r\n \r\nĐổ rau câu vào 1/2 khuôn, chờ cho rau câu nguội lại thành dung dịch sền sệt, đặt khối nhân đã vo tròn (hay nặn thành hình vuông tùy theo khuôn) vào giữa rồi đổ nhè nhẹ phần rau câu còn lại cho đầy khuôn …để khuôn bánh trước quạt máy hoặc ngâm vào khay có nước + đá khoảng nửa giờ cho thật nguội, rau câu đông cứng lại, rồi hãy trút bánh ra khỏi khuôn. (loại khuôn có đáy rời sẽ dễ lấy bánh ra hơn bằng cách xoay 1 vòng lấy đáy khuôn ra, dùng tay đẩy bánh ra đĩa nhanh gọn).\r\n \r\nKhi trút bánh ra, bánh sẽ có màu trắng đục nhìn như bánh dẻo trung thu, nhưng ăn ít ngán hơn và cũng lạ miệng hơn. ', 'Bánh nướng, dẻo là món quà quen thuộc trong dịp trung thu, nhưng bạn đã bao giờ thử bánh trung thu từ rau câu chưa. Vỏ bánh giòn mát, không quá ngọt,nhân bánh mềm mịn, đầy đủ vị truyền thống', 90000, '/image/IMG_Monan/6.jpg', 1),
(7, 'Bún Bò Nam Bộ', '- 500 g thịt bò phi lê, rửa sạch, thái miếng mỏng vừa ăn - 1 - 2 củ hành tây, bóc vỏ, thái múi - 2 muỗng cà phê tỏi, bóc vỏ, băm nhỏ - Gia vị: Dầu ăn, đường, tiêu xay, xì dầu, hạt nêm. - Đậu phộng, rang vàng, đãi vỏ, giã nát - Hành tím, bào mỏng, phơi cho hơi héo héo, phi với dầu ăn cho thơm và vàng - Rau ăn kèm gồm có: xà lách, rau sống, dưa leo, giá sống..... - Bún tươi, chọn mua bún sợi nhỏ và ráo - Pha nước mắm: Nước mắm chấm ngon, 2 thìa giấm, 2 thìa đường to, ớt sừng băm nhỏ, tỏi băm và mộ', '-Ướp thịt bò với 1 muỗng cà phê tỏi băm, 2 muỗng cà phê xì dầu, 1 muỗng cà phê đường, ½ muỗng cà phê tiêu xay, 2 muỗng cà phê dầu ăn và 2 muỗng cà phê hạt nêm. Để thấm gia vị.\r\n\r\n-Rau, sau khi nhặt rửa sạch, cuộn rau thơm vào xà lách, xắt nhuyễn. Giá, có thể để sống, trụng sơ qua nước sôi, để ráo hoặc xào giá lên. Dưa chuột, cà rốt thái nhỏ trộn dấm, đường, nước mắm như dưa góp.\r\n- Cho ít dầu vào chảo, đợi dầu nóng, cho tỏi vào phi thơm, rồi cho thịt bò vào xào trên lửa lớn cho miếng bò vừa chín tới, đổ ra đĩa. Tiếp theo cho hành tây vào xào tái rồi cho phần thịt bò trở lại chảo đảo nhanh cùng hành tây, tắt bếp.\r\n- Thưởng thức: cho rau sống, giá, bún vào tô, rồi cho thịt bò xào lên trên, cho dưa góp (dưa chuột, cà rốt ngâm), rắc đậu phộng, hành phi, chan nước mắm.', 'Cùng tên gọi bún bò, song mỗi vùng miền lại có cách chế biến khác nhau. đối với người miền Nam, bún bò Nam Bộ - còn gọi là bún thịt bò xào - vừa giản dị lại tinh tế.', 50000, '/image/IMG_Monan/7.jpg', 2),
(8, 'Ngon Súp Móng Giò', '- Móng giò(chẻ dọc, cắt miếng vừa ăn), - Đậu nành - Ngô ngọt, - Hoa hồi - Gừng - Rượu vang.', '- Đậu nành rửa sạch và ngâm thật nhiều nước, ngâm qua đêm.\r\n- Bắp ngô rửa sạch, bổ dọc, cắt khúc thành nhiều miếng. Gừng gọt vỏ, thái lát. \r\n- Rửa các móng giò, cho vào các xoong đun sôi cùng gừng, hoa hồi, và rượu vang cho tới khi nước dùng chuyển sang màu nâu sẫm.\r\n- Thêm ngô ngọt, gừng, hạt đậu nành vào nồi móng giò, đun tiếp cho tới khi móng giò mềm nhừ, có độ dính, nêm gia vị và ăn nóng.', 'Móng giò mùi vị thơm ngon, đem ninh với đậu nành thì giá trị dinh dưỡng càng cao. Đặc biệt món này ăn vào những ngày trời lạnh rất bổ dưỡng, tốt cho sức khỏe.', 60000, '/image/IMG_Monan/8.jpg', 15),
(9, 'Canh xoài thịt bò', '- 1 trái xoài xanh - 150gr thịt bò - 2 trái cà chua - 2 tép tỏi bằm nhỏ - Dầu ăn, hạt nêm, đường, tiêu.', '1. Thịt bò xắt miếng mỏng, ướp với hạt nêm, tỏi khoảng 5 phút. Xoài gọt vỏ, xắt sợi to. Cà chua ngâm, rửa sạch, bổ cau.\r\n\r\n2. Bắc chảo lên bếp, phi thơm tỏi, cho thịt bò, cà chua vào xào tái, xúc ra tô. Nêm nước lạnh đun sôi, cho thịt bò, xoài vào, đun sôi, rắc rau răm, tắt bếp.\r\n\r\nMúc canh ra tô, rắc tiêu và thưởng thức.', '', 80000, '/image/IMG_Monan/9.jpg', 2),
(10, 'Gà Nấu Dọc Mùng', '1/2 kg đùi gà  2 nhánh dọc mùng  2 nhánh sả  1 thìa cà phê bột nghệ  1 thìa súp mẻ  Dầu ăn, hạt nêm, nước mắm, đường.', 'Đùi gà ướp với bột nghệ, 1/2 thìa súp dầu ăn, 1/2 thìa súp hạt nêm. Trước khi ướp, dùng mũi dao xăm nhẹ lên miếng thịt để thấm gia vị.\r\n\r\nDọc mùng tước bỏ vỏ, rửa sạch, thái khúc vừa ăn. Ngoài ra, bạn cũng có thể bóp dọc mùng với muối để tạo độ giòn. Mẻ lọc lấy nước, cho vào bát. Sả rửa sạch, băm nhuyễn.\r\n\r\nĐun nóng 1/2 thìa súp dầu ăn, cho sả băm nhuyễn vào xào thơm. Sau đó cho đùi gà vào xào săn. Thêm một lít nước và mẻ vào om, để lửa riu riu cho đến khi gà chín. Nêm một thìa súp nước mắm, hai thìa cà phê đường, 1/2 thìa súp hạt nêm cho vừa ăn, tắt bếp.\r\n\r\nMón này dùng nóng với cơm.\r\n\r\nMách bạn: Khi om, bạn có thể thêm vài lát sả đập giập vào để món ăn thơm ngon hơn.', 'Vị ngon ngọt của gà cùng với vị sần sật của dọc mùng sẽ rất hẫp dẫn trong bữa ăn cuối tuần của gia đình bạn.', 120000, '/image/IMG_Monan/10.jpg', 4),
(11, 'Canh Mướp Đắng Nhồi Thịt Gà', 'Mướp đắng 2 quả, cắt mỗi quả làm 4 phần  Thịt gà lọc xương, băm nhỏ (hoặc bạn dùng thịt lợn cũng được)  Hành mùi, thái nhỏ  Nấm hương, mộc nhĩ, ngâm nở  Xì dầu (tùy chọn)  Dầu vừng 1 thìa Muối tiêu', 'Mướp đắng cắt làm tư nạo ruột, nếu quả nhỏ thì bạn cắt làm đôi, rửa sạch để ráo nước\r\nThịt gà băm nhở ướp với dầu vừng, 1 thìa muối và 1 chút xíu hạt tiêu,\r\n\r\nMộc nhĩ ngâm nở đem thái nhỏ, thái thêm vài cái nấm hương cho thơm rồi trộn với thịt gà. Để 15 phút cho ngấm.\r\nTrong lúc đó, đun sôi 4 chén nước\r\nChần mướp đắng vào nước sôi trong vài phút. Sau đó vớt mướp ra để nguội\r\nDùng thìa nhồi nhân thịt gà đã ướp vào trong miếng mướp đắng\r\nLàm lần lượt đến hết chỗ mướp, nếu còn thừa thịt thì bạn viên lại cho cùng vào canh cũng được\r\nĐặt nồi lên bếp, đun nước sôi. Lượng nước tùy theo ý bạn, thường thì khoảng 4 -5 chén con, nước vừa ngập mướp đắng là được. Cho ½ thìa muối vào nước để canh có vị đậm đà\r\nNước sôi to thì cho mướp đắng nhồi thịt vào, để lửa to. Để nước sôi ngập lên các miếng mướp đắng thì mướp sẽ giữ được màu xanh .\r\nCho vài cái nấm hương còn lại lúc đầu vào canh cho thơm\r\nĐun như vậy đến khi mướp và thịt chín, xiên dĩa thấy dễ dàng xuyên qua là được. Nêm lại gia vị cho vừa ăn. Nêm xì dầu vào canh nếu muốn.\r\nCho hành mùi rồi tắt bếp.\r\nThực chất nhân thịt của món này là thịt lợn xay, nhưng bạn thử làm mới nó bằng thịt gà như công thức này xem sao, cũng rất ngon đấy', 'Bát canh mướp đắng xanh mướt, thật ngon mắt; viị ngọt, bùi, thanh mát và hơi đăng đắng hòa quyện với nhau.', 19000, '/image/IMG_Monan/11.jpg', 2),
(12, 'Trứng Hấp Đậu Hũ', '  - Đậu hũ 200g  - Trứng gà 3 quả   - Muối tiêu, đường, dầu hào, nước tương, dầu ăn, bột ngô, hành xanh thái nhỏ.', '- Đậu hũ dùng dao ấn cho nát, hoặc dùng thìa nghiền nhỏ, cho vào bát.\r\n- Trứng đập ra, đánh tan. Trộn trứng và đậu hũ nghiền, thêm ½ chén nước, ½ thìa dầu ăn và ½ thìa muối tiêu, quậy đều.\r\n- Cho hỗn hợp vào 1 tô sứ hoặc thủy tinh lớn, rồi đặt vào nồi hấp cách thủy trong 15 – 20 phút.\r\n\r\nLàm xốt:\r\n\r\n- Đặt chảo lên bếp đun nóng 1 thìa dầu ăn, thêm 2 thìa dầu hào, 1 thìa nước tương, 1/2 thìa muối tiêu, 1/2 thìa đường và ½ chén nước. Nêm nếm vừa miệng thì hòa chút bột ngô với nước, cho vào xốt để tạo độ sánh.\r\n- Trước khi tắt bếp, rắc chút hành xanh thái nhỏ vào.\r\n- Trứng – đậu đã hấp chín, nhấc ra khỏi nồi, đổ xốt lên trên ăn nóng.', 'Món ăn này thích hợp cho mọi lứa tuổi trong gia đình, trứng hấp đậu hũ mềm, hương vị lạ, giàu protein và rất tốt cho hệ tiêu hóa.', 35000, '/image/IMG_Monan/12.jpg', 2),
(13, 'Bí Ngòi Xào Ngô', '- 3 quả bí ngòi: 450gr - 1 bắp ngô ngọt – tách hạt - Hành khô, tỏi - 1 mớ rau mùi - Hạt nêm, tiêu, dầu ăn.', '- Bí ngòi cắt làm hai nửa theo chiều dọc, thái lát dày khoảng 1cm. Hành tỏi xắt lát mỏng. Rau mùi cắt khúc 1cm.\r\n- Làm nóng dầu ăn trên lửa vừa, cho hành tỏi vào phi thơm \r\n- Đổ bí ngòi vào xào nhanh tay trên lửa lớn khoảng 2 phút\r\n- Lúc này bí đã hơi xem xém mặt, cho tiếp ngô ngọt vào, rắc hạt nêm xào thêm khoảng 2-3 phút nữa \r\n- Lúc này bí và ngô đã chín, nêm nếm lại lần cuối cho vừa miệng, bỏ rau mùi vụn vào đảo đều, tắt bếp rắc hạt tiêu.', 'Quả bí ngòi xào với ngô ngọt tuy là món xào nhưng ăn lại rất thanh mát, thêm mùi thơm hấp dẫn của rau mùi ăn mùa hè rất hợp và không hề ngán.', 45000, '/image/IMG_Monan/13.jpg', 17),
(14, 'Chả Nhái Khương Thượng', ' - Một giỏ nhái -Ớt tươi, lá chanh, rau kinh giới, thì là... ', 'Công việc của người dân Khương Thượng bắt đầu từ sáng sớm. Cả một giỏ nhái đầy, người ta ném vào đó mấy nắm tro rạ. Lũ nhái giãy một hồi tuột hết chất keo nhớt trên mình, người ta mang ra xóc, rửa, chặt dầu lột da, xẻ ruột. Thêm chút gia vị, ớt tươi, lá chanh, vài ngọn rau kinh giới, một nắm thì là… băm nhừ cùng thịt nhái. Băm rồi đưa vào cối, thêm một nắm bột gạo vào, giã cho quánh như giò vậy. Giã đủ độ rồi, trải lá chuối ra đặt chiếc khuôn hình tròn lên đổ thịt vào từng khuôn mà cắt, mà gạt như đóng gạch, miếng nào cũng đều tăm tắp. Chảo mỡ đang sôi, gạt từng khoanh chả vào rán vàng đều hai mặt, dùng vợt vớt ra.\r\n\r\nMiếng chả nhái nóng ăn không thích bằng khi đã dịu đi. Cho vào miệng cứ để tan hết cái vị của nước chấm, từ từ nhai, từ từ nuốt mới thấy cái đầm đậm, ngòn ngọt của thịt nhái.', 'Người ta thường dùng chả nhái trong các bữa tiệc, có người còn đặt trước hàng tháng để đem đi nước ngoài. Khách nước ngoài đến thủ đô rất thích được ăn thứ đặc sản đồng quê này, họ còn chụp ảnh, quay phim giới thiệu với bè bạn.', 125000, '/image/IMG_Monan/14.gif', 16),
(15, 'Ếch Xào Lăn', '- 400 g ếch làm sạch, chặt miếng.  - 1 thìa sả băm.  - 1 cây bạc hà, tước vỏ, thái miếng xéo.  - 1 thìa ớt băm.  - 1 thìa tỏi băm.  - ½ thìa ngũ vị hương.  - 1 thìa cà ri dầu.  - 1 thìa dầu hạt điều.  - 50 g lạc rang giã nát.  - Mùi, mùi tàu, rửa sạch, thái khúc.  - Nước mắm, muối, tiêu, đường.', 'Ướp ếch với ngũ vị hương, cà ri, dầu, sả, tỏi, ớt, để khoảng 15 phút.\r\n\r\nPhi tỏi thơm, cho ếch vào xào với lửa vừa cho ngấm gia vị.\r\n\r\nThịt ếch chín mềm, cho bạc hà vào trộn đều. Bạc hà chín tái, cho dầu hạt điều vào, nêm lại gia vị vừa miệng, tắt bếp.\r\n\r\nCho mùi, lạc rang vào trộn đều.\r\n\r\nDùng kèm với bánh mì.', 'Sau khi chế biến, thịt ếch mềm, bạc hà giòn, ngọt là bạn đã thành công. Đây là một món ăn rất thích hợp trong những bữa ăn cải thiện hay sum họp gia đình, nó cũng thích hợp cho những bữa nhậu.', 145000, '/image/IMG_Monan/15.gif', 17),
(16, 'Bánh Cam', 'Vỏ bánh:\r\n- 200g bột nếp ngon, mịn\r\n- 80g khoai lang (loại khoai bột) luộc chín và tán nhuyễn\r\n- 70gr đường trắng dạng xay mịn nấu tan với 140g nước, để nguội bớt còn hơi âm ấm để nhồi với bột.\r\n- 100gr mè trắng, lọai đã đãi vỏ\r\n- Dầu ăn để chiên bánh\r\n\r\nNhân bánh:\r\n- 100gr đậu xanh cà, vo sạch, nấu với ít nước như nấu cơm cho đậu chín, rời hạt, để nguội bớt, rồi tán nhuyễn mịn\r\n- 70gr đường trắng\r\n- 30gr bột mì số 8\r\n- 40gr dầu ăn để trộn nhân ', '-Sên nhân đậu xanh: Cho đậu xanh đã tán nhuyễn vào nồi, cùng với đường, dầu ăn, trộn đều, đặt lên bếp, để lửa thật nhỏ, đảo liên tục cho đến khi đậu thật ráo không dính vào nồi. Rắc từ từ bột mì vào nhân, khi thấy nhân ráo có thể vo thành từng viên được thì dừng lại (không nhất thiết phải sử dụng hết lượng bột mì đã chuẩn bị sẵn này).Vo thành viên tròn đều tay để bánh không có cái lớn, cải nhỏ.\r\n\r\n-Nhồi bột: Cho nước đường từ từ vào bột nếp, nhồi đến khi khối bột dẻo mịn, cho khoai lang vào nhồi kỹ. Ủ bột ít nhất là 3 giờ.\r\n\r\n-Chia bột thành từng viên vừa đủ, nắn mỏng độ khoảng 3 ly, cho viên nhân vào giữa, vo tròn kín lại, lăn qua mè cho mè bám đều bên ngoài bánh.\r\n\r\n-Thả bánh vào chảo dầu sôi chiên vàng.\r\n-Dùng bánh với trà Lipton nóng. ', '', 1000, '/image/IMG_Monan/16.gif', 1),
(17, 'Vịt om sấu', '1 con vịt từ 1 – 1,2 kg (chọn con non, nhiều thịt) \r\n\r\n15 quả sấu Hà Nội \r\n\r\n0,5 kg khoai sọ loại nhỏ \r\n\r\n1/3 muỗng canh muối \r\n\r\n1/2 muỗng canh hạt nêm \r\n\r\n1/3 muỗng cà phê tiêu \r\n\r\n5 đầu hành lá \r\n\r\n5 củ hành tím \r\n\r\n10 lá ngò gai \r\n\r\n1 quả chanh \r\n\r\n1 quả ớt sừng \r\n\r\n½ kg bún \r\n\r\n½ kg rau muống \r\n', 'Vịt làm sạch, chặt miếng nhỏ chừng ½ hộp diêm. Khoai sọ gọt vỏ, rửa sạch, chẻ đôi. Sấu gọt vỏ. Rau muống làm sạch, để cọng dài. \r\n\r\nĐợi chảo nóng cho dầu ăn vào, phi hành tím vàng rồi cho thịt vịt vào. Đảo đều tay, cho thêm muối và hạt nêm. Sau đó cho nước dùng xâm xấp thịt. Nước sôi, cho trái sấu vào. Khi thịt vịt mềm mới dầm sấu để tạo vị chua. \r\n\r\nTrước khi ăn cho ngò gai, đầu hành, hành lá thái nhỏ, ớt tách hột xắt miếng dài. Ăn nóng kèm bún và rau muống. Có thể chấm với nước mắm chanh ớt hoặc nước tương. \r\n', '', 100000, '/image/IMG_Monan/17.jpg', 1),
(18, 'Bún thang – món thanh lịch đất Hà thành ', 'Nấu bún thang là một việc khá công phu, từ khâu chuẩn bị đến chế biến. Món bún thang tính sơ sơ phải cần đến 20 nguyên liệu. Công phu đầu tiên là chuẩn bị nồi nước dùng. Độ ngọt của nước dùng được tạo ra từ xương ống đun kỹ, xương gà, mực khô, tôm he nấu sôi cho ra hết nước cốt. Vị ngọt đậm đà của nước dùng là từ các loại nguyên liệu này, hoàn toàn không cần đến đường, bột ngọt. Để nồi nước dùng trong, người nấu phải canh hớt bọt liên tục. Bên cạnh công thức chung trên, nồi nước dùng ngon hay không còn nằm ở bí quyết gia truyền riêng của mỗi hàng bún. \r\n\r\nKế đến phải kể tới công phu chuẩn bị các nguyên liệu ăn kèm như trứng, giò lụa, thịt gà nạc, thịt heo nạc (còn gọi là ruốc sỏi) và trứng vịt muối. Trứng trong bún thang phải tráng thật mỏng, sấy khô, xắt nhuyễn như sợi chỉ vàng, giò lụa ửng hồng thái rối, thịt gà nạc trắng nõn da vàng ươm xé sợi thật tơi, thịt nạc (ruốc sỏi) xắt hạt lựu, xào khô với nước mắm vừa đủ đậm ... \r\n', 'Sau khi mọi thứ đã sẵn sàng, người nấu cho bún tươi đã chần kỹ vào bát, dưới đáy có rải chút rau răm. Bún để ăn bún thang phải là loại bún sợi nhỏ, mịn và trắng tươi. Trên mặt tô bún bày mỗi góc một chút trứng, một chút giò lụa, thịt gà, ruốc sỏi. Chính giữa tô là miếng trứng vịt muối, trên rắc thêm tôm tươi giã nhuyễn thành chà bông. Tô bún đầy sắc màu, sinh động và gợi thèm. \r\n\r\nĂn kèm với bún không thể thiếu củ cải ngâm chua, cay, giòn, ít mắm tôm đậm đà. Thứ mắm tôm hăng nồng, mặn gắt không hiểu sao lại rất hợp với món ăn thanh nhã như bún thang. Nhưng đặc biệt nhất là phải có thêm tinh dầu cà cuống, sẽ vô cùng thiếu sót nếu không nhắc đến thứ gia vị tinh tế này trong món bún thang. Chỉ cần một chút trên đầu tăm điểm vào, bát bún thang sẽ dậy mùi thơm đặc biệt. Cà cuống nguyên chất hiện nay rất hiếm, thay vào đó, người bán thường dùng tinh dầu cà cuống làm từ hóa chất nên mùi thơm hắc hơn, song cũng đủ làm món ăn thêm hương. \r\n\r\nNhững thứ rau thơm, hành lá xanh mướt phủ lên trên sẽ giúp cho bức tranh bún thêm phần màu sắc. Bên cạnh rau mùi, hành hoa xắc thật nhỏ, không thể thiếu rau răm cay the the. Bún thang thiếu vị cay the này cũng hỏng. Mà xét cho cùng, bún thang là bức tranh tổng hòa của màu sắc, gia vị, nguyên liệu, nên thiếu bất cứ thứ nào trong số đó, món bún cũng mất đi vị ngon. Một điểm đặc biệt khác là bún thang thường không cần ăn kèm với rau, có lẽ vì người nghĩ ra món này sợ vị rau sẽ làm lạt nước, kém ngon. \r\n\r\nLàm một bữa bún thang quả là tốn thời gian, cần một bàn tay nội trợ giỏi, tỉ mỉ và chu đáo. Thưởng thức một tô bún thang là tận hưởng tất cả sự khéo léo của người chế biến. Vị ngon thanh cảnh nhẹ nhàng của nó thể hiện rất rõ chất thanh lịch của ẩm thực Tràng An xưa.\r\n', 'Theo giải thích của người xưa, chữ “thang” trong bún thang có nghĩa là canh – một món canh bổ dưỡng (cũng như sâm thang). \r\nTrong các món bún Hà Nội, bún thang là món xếp vào hàng đặc sản cao cấp và đắt tiền nhất, một thứ quà Hà Nội thanh nhã và tinh tế. \r\n\r\nNấu bún thang là một việc khá công phu, từ khâu chuẩn bị đến chế biến. Món bún thang tính sơ sơ phải cần đến 20 nguyên liệu.', 45000, '/image/IMG_Monan/Monan18.jpg', 2),
(19, 'Bánh Chuối Hấp ', '-800gr chuối sứ chín muồi, \r\n- 500gr dừa khô vắt nước cốt và 1,5 lít nước dão, \r\n-150gr bột gạo, 200gr đường cát, \r\n- màu thực phẩm hoặc nước củ dền, \r\n- muối, dầu ăn, vani. \r\n', 'Bóc vỏ chuối, ngâm với nước muối loãng 30 phút, xả nước, để ráo, thái khoanh tròn dày 5mm. Ướp chuối với 150gr đường, 1 lít nước dão dừa, 1 tí muối. Cho vào nồi, đun lửa riu riu cho cạn nước, chuối chuyển sang màu đỏ. Pha bột gạo với phần nước dừa còn lại, 50gr đường, màu, va ni. \r\n\r\nThoa dầu ăn vào khuôn xếp một lớp chuối, một lớp bột, hấp vừa chín. Rưới hỗn hợp nước cốt dừa, 50gr đường, 50gr bột gạo, một chút muối lên mặt bánh đem hấp chín. \r\n\r\nThưởng thức: \r\n\r\nDùng nguội hoặc lạnh. \r\n', '', 25000, '/image/IMG_Monan/19.jpg', 1),
(20, 'Mực nấu rối ', '50g khô mực, 50g giò lụa, 2 quả trứng gà, 50g cà rốt, 50g su su, 50g su hào, 50g đậu hoa lan, 50g nấm mèo, 50g nấm hương, 1 lít nước dùng, 1/4 thìa cà phê muối, 2 thìa súp hạt nêm , 1/2 thìa súp nước mắm, 1 thìa súp dầu ăn, ngò rí. \r\n\r\n', 'Khô mực rửa qua nước lạnh, thái sợi nhỏ. Giò lụa thái sợi. Trứng đánh tan, tráng mỏng với dầu ăn, xắt sợi. \r\n\r\nCà rốt, su hào, su su gọt vỏ, rửa sạch, cắt sợi nhỏ. Nấm mèo, nấm hương ngâm nước cho nở, bỏ chân, rửa sạch, thái sợi. \r\n\r\nNấu sôi nước dùng, nêm hạt nêm, nước mắm vừa ăn, cho mực vào nấu trước sau đó cho tiếp các loại rau củ, nấm giò lục vào nấu vừa chín. \r\n\r\nCho mực nấu rối ra thố, rắc ngò lên, dùng nóng. \r\n\r\nMách nhỏ: \r\n\r\nKhi dùng nước sôi, thả mực vào nấu trước để mực ra chất ngọt cho nước súp thêm đậm đà. Các loại củ đã được cắt sợi nên rất mau chín, chỉ cần cho vào sôi qua một dạo là được. \r\n', '', 55000, '/image/IMG_Monan/20.jpg', 2),
(21, 'Tôm xào hạnh nhân ', '200g tôm đất, 100g cà rốt, 100g su su, 100g su hào, 3 cọng hành lá, 50g nấm hương, 50g hạnh nhân, 2 thìa cà phê hạt nêm, 1 thìa cà phê nước mắm, 1/4 thìa cà phê tiêu, 2 thìa súp dầu ăn. ', 'Tôm lột vỏ, rửa sạch, cắt nhỏ. Cà rốt, su su, su hào gọt vỏ, rửa sạch, cắt hạt lựu. \r\n\r\nNấm hương, nấm mèo ngâm nở, cắt bỏ chân, rửa sạch, xắt hạt lựu. Hành lá lột sạch, rửa sạch, đập giập đầu hành cắt nhỏ, phần lá cắt khúc. \r\n\r\nPhi thơm đầu hành với dầu, cho tôm vào xào săn, cho tiếp các loại củ vào, nêm hạt nêm, nước mắm vừa ăn. Củ gần chín cho nấm, hạnh nhân vào xào nhanh tay trên lửa lớn, sau cùng cho hành lá vào, tắt bếp nhắc xuống. \r\n\r\nXúc tôm xào ra đĩa, rắc ngò rí và tiêu lên. \r\n\r\nMách nhỏ: \r\n\r\nKhông nên ngâm nấm trong nước nóng cho nhanh nở, nấm sẽ bị vỡ và nhũn, mất ngon. Cho nấm vào sau khi xào vì nấm rất mau ngấm gia vị. \r\n\r\n\r\n', '', 60000, '/image/IMG_Monan/21.jpg', 17),
(22, ' Bóng xào ', '50g tim heo, 50g thịt nạc dăm,100g bóng bì, 100g su hào, 100g su su, 50g cà rốt, 2 thìa cà phê hạt nêm, 1/2 thìa cà phê nước mắm, 1/4 thìa cà phê muối, 1/2 thìa cà phê tiêu, 2 thìa súp dầu ăn, rượu, gừng đập giập, hành lá. \r\n\r\n', 'Thịt heo, tim heo rửa sạch, để ráo, ướp với 1/2 thìa cà phê hạt nêm và tiêu. \r\n\r\nBóng bì ngâm nở, bóp với ít gừng và rượu đập giập khoảng 5 phút, xả lại với nước sạch. Su hào, su su, cà rốt gọt vỏ, xắt lát. Hành lá phần cắt khúc, phần đầu hành đập giập cắt nhỏ. \r\n\r\nPhi thơm dầu với đầu hành, cho tim và thịt vào xào săn. Cho tiếp các loại củ vào, nêm hạt nêm, muối, nước mắm vừa ăn. Xào vừa chín tắt bếp, cho hành lá vào đảo đều. \r\n\r\nMúc ra đĩa, rắc thêm tiêu, dùng nóng. \r\n\r\nMách nhỏ: \r\n\r\nBóng bì không nên chọn loại cũ, màu quá sẫm vì như thế sẽ không còn độ dai và giòn. Nên dùng rượu và gừng khi sơ chế bóng bì để khử mùi tanh, xả thật sạch cho hết cát lẫn trong bóng.\r\n', '', 56000, '/image/IMG_Monan/Monan22.jpg', 17),
(23, 'Bánh Cuốn Tráng Chảo ', '1/2 tách bột gạo \r\n1/2 tách bột khoai \r\n1/2 tách bột bắp , nếu thích hơi dai thì bỏ bớt 1 muỗng bột bắp, thế vào 1 muỗng bột năng \r\nTí xíu muối \r\n4 tách nước lã \r\n1 muỗng dầu ăn \r\n\r\n', 'Trộn 3 thứ bột, tí muối và 4 tách nước lã, khuấy tan, bỏ vào tủ lạnh để qua đêm cho bột nở . Bỏ 1 muỗng dầu ăn vào trộn đều trước khi tráng . \r\n\r\nBánh nếu không có bột năng thì mềm dẻo, thêm tí bột năng thì hơi dai. Công thức này làm được 20 cái bánh cuốn nhân thịt \r\n\r\nThường thì bành cuốn, người ta thướng hấp, trên một miếng vải, căng trong nồi, nhưng cách làm này cần phải nhiều thì giờ và kiên nhẫn.\r\n\r\nLoại bánh cuống tráng chảo này, tuy bánh không được mềm dẽo như hấp, nhưng không tệ lắm đâu, các bạn thử làm một lần, sẽ thấy ngon, và nhanh hơn \r\n\r\n', '', 35000, '/image/IMG_Monan/Monan23.jpg', 1),
(24, 'Thơm lừng hương chả cá ', '200g nạc cá ba sa, 50g giò sống, 2 quả cà chua, 1 cây hành lá, mùi tàu, 1 cây salad, rau thơm, 100g giá, 1 lít nước dùng, 1 thìa cà-phê tỏi xay, 1/2 kg bún, hạt nêm, tiêu, đường, nước mắm, dầu ăn. ', 'Cà chua thái múi; hành lá thái nhỏ; salad, rau thơm rửa sạch thái nhỏ. \r\n\r\nCá quết với đầu hành, nêm 2 thìa cà-phê nước mắm, 1/2 thìa cà-phê tiêu, trộn với giò sống vo tròn, ấn dẹp. \r\n\r\nĐun nóng 1 thìa súp dầu ăn, phi thơm tỏi, cho cà chua vào xào. Cho nước dùng vào nấu sôi, nêm 1 thìa súp hạt nêm, 1 thìa súp nước mắm, 2 thìa cà-phê đường, cho chả cá vào nấu chín, nếm lại cho vừa ăn. \r\n\r\nThưởng thức \r\n\r\nTrụng bún, giá cho ra tô, múc chả cá, cà chua, nước lèo vào, rắc tiêu, hành mùi tàu vào. \r\n\r\n', '', 35000, '/image/IMG_Monan/Monan24.jpg', 2),
(25, 'Chả cá rán xù ', '200g nạc cá ba sa, 50g giò sống, 1 quả ớt sừng, 1 cây hành lá, 1 quả trứng, 50g bột xù, hạt nêm, tiêu, nước mắm, tương ớt, dầu ăn. ', 'Ớt sừng thái hạt lựu. \r\n\r\nHành lá nhặt, rửa sạch, thái nhỏ. Đập giập phần đầu hành. \r\n\r\nTrứng đập ra bát, khuấy tan. \r\n\r\nCá ba sa quết với đầu hành trắng + 1 thìa cà phê hạt nêm +1/2 thìa cà phê tiêu. Cho giò sống, hành lá thái nhỏ, ớt sừng vào trộn đều, viên cá thành từng viên tròn, ấn hơi dẹp, nhúng vào trứng, lăn qua bột xù, thả vào chảo dầu nóng, rán vàng. \r\n\r\nThưởng thức \r\n\r\nXếp cá ra đĩa, dùng kèm tương ớt. \r\n\r\n', '', 45000, '/image/IMG_Monan/Monan25.jpg', 16),
(26, 'Chả cá bọc trứng cút kho ', '200g chả cá ba sa, 100g giò sống, 12 quả trứng cút, hành, mùi tây, 1 thìa cà-phê tỏi xay, nước mắm, đường, tiêu, hạt nêm, nước dùng, dầu ăn. ', 'Trứng cút lộc chín, bóc vỏ. \r\n\r\nChả cá ba sa trộn chung với giò sống, chia thành 12 phần, cho trứng cút vào bọc lại, cho vào chảo dầu nóng rán sơ. \r\n\r\nĐun nóng một thìa súp dầu ăn, phi thơm tỏi, cho 2 thìa súp đường, 3 thìa súp nước mắm, 1/2 thìa cà-phê tiêu, 1/2 bát nước vào nấu sôi, cho trứng cút vào cho đến khi nước hơi sánh lại, nêm vừa ăn, tắt lửa. \r\n\r\nThưởng thức \r\n\r\nCho chả cá bọc trứng cút ra đĩa, rắc tiêu, hành, mùi tây. Dùng nóng với cơm trắng.\r\n', '', 35000, '/image/IMG_Monan/Monan26.jpg', 5),
(27, 'Bánh Phở Cuốn Ruốc Tôm ', '- Bánh phở lá: 500g \r\n- Tôm to: 300g \r\n- Trứng gà: 3 quả \r\n- Nước mắm, hạt tiêu, hành tỏi khô, hành lá, rau mùi, đu đủ xanh hoặc su hào, đường kính, giấm, dầu ăn. \r\n\r\n', 'Bánh phở thái miếng 10cm x 15cm. Tôm bóc vỏ, bỏ đầu và rút chỉ đen ở sống lưng, rửa sạch để ráo nước. Ướp tôm với chút nước mắm, hạt tiêu một lúc cho ngấm, hấp chín tôm, cho ra cối giã đều tay cho ruốc được bông. \r\n\r\n\r\nTrứng đánh thật bông, tráng thật mỏng, cắt miếng như bánh phở. Hành, tỏi khô bóc vỏ, rửa sạch, băm nhỏ. Hành lá, rau mùi nhặt rửa sạch, thái nhỏ. Đu đủ xanh hoặc su hào gọt vỏ, thái miếng nhỏ và mỏng để làm dưa góp. Đặt miếng trứng tráng lên miếng bánh phở, cho ruốc tôm vào cuộn chặt tay. Cuốn xong, xếp cuốn ra đĩa bày rau mùi lên trên. \r\n\r\n\r\nCách làm sốt: \r\n\r\nPhi thơm hành tỏi, cho 2 thìa xúp nước mắm, 1 thìa đường kính, 3 thìa giấm và một chén nước vào đun sôi cho tan đường thả hành lá vào là được. Đổ sốt lên trên đĩa cuốn, ăn kèm dưa góp. \r\n', 'Bánh phở cuốn thơm mùi ruốc tôm, ăn giòn và dai. Cuốn ăn cùng sốt chua ngọt. ', 24000, '/image/IMG_Monan/Monan27.jpg', 1),
(28, 'Bánh sữa ', '- 2 quả dừa dẻo, gọt bỏ vỏ lụa nâu, ngâm trong nước có pha chanh khoảng 15 phút, vớt ra, dùng dao nhọn khoét lỗ khoảng 1,5 cm, trút hết nước dừa\r\n\r\n- 8 trứng gà ta\r\n\r\n- 150 g đường\r\n\r\n- 1/2 hộp sữa đặc\r\n\r\n- 200 ml nước sôi\r\n\r\n- 2 ống va ni\r\n\r\n- 60 g bột mì\r\n\r\n', 'Cho trứng gà vào bát, đánh tan\r\n\r\nHoà tan bột mì với một ít nước sôi. Cho hết đường vào phần nước sôi còn lại, khuấy tan\r\n\r\nCho trứng vào bột, đường, lược hỗn hợp qua rây cho thật mịn\r\n\r\nCho trứng vào hỗn hợp, khuấy đều. Sau cùng cho vani vào\r\n\r\nDùng phễu rót hỗn hợp trứng sữa vào quả dừa, hấp 30 phút, lấy ra để nguội, cho vào tủ lạnh\r\n\r\nThưởng thức:\r\n\r\nCắt bánh thành hình múi cam. Dùng lạnh\r\n', 'Những chiếc bánh này dùng để đãi tiệc ngọt hoặc làm món tráng miệng. Bánh có vị ngọt thanh, hình thức rất bắt mắt.', 20000, '/image/IMG_Monan/Monan28.jpg', 1);

-- --------------------------------------------------------

--
-- Table structure for table `nhahang`
--

CREATE TABLE IF NOT EXISTS `nhahang` (
  `MaCS` int(11) NOT NULL,
  `TenCS` varchar(200) COLLATE utf8_unicode_ci NOT NULL,
  `Diachi` varchar(200) COLLATE utf8_unicode_ci NOT NULL,
  `GioiThieu` text COLLATE utf8_unicode_ci,
  PRIMARY KEY (`MaCS`)
) ENGINE=MyISAM DEFAULT CHARSET=utf8 COLLATE=utf8_unicode_ci;

--
-- Dumping data for table `nhahang`
--

INSERT INTO `nhahang` (`MaCS`, `TenCS`, `Diachi`, `GioiThieu`) VALUES
(1, 'Cơ sơ 1', '100 Hoàng Quốc Việt', 'Cơ sở chính');

-- --------------------------------------------------------

--
-- Table structure for table `tintuc_sukien`
--

CREATE TABLE IF NOT EXISTS `tintuc_sukien` (
  `MaTT` int(11) NOT NULL AUTO_INCREMENT,
  `Anh` varchar(200) COLLATE utf8_unicode_ci NOT NULL,
  `Tieude` varchar(500) COLLATE utf8_unicode_ci NOT NULL,
  `Noidung` text COLLATE utf8_unicode_ci NOT NULL,
  `NgayViet` datetime NOT NULL,
  PRIMARY KEY (`MaTT`)
) ENGINE=MyISAM  DEFAULT CHARSET=utf8 COLLATE=utf8_unicode_ci AUTO_INCREMENT=12 ;

--
-- Dumping data for table `tintuc_sukien`
--

INSERT INTO `tintuc_sukien` (`MaTT`, `Anh`, `Tieude`, `Noidung`, `NgayViet`) VALUES
(8, 'image/IMG_Tintuc/Tintuc100627040727.jpg', 'Da đẹp nhờ ăn uống', '<img align="middle" src="image/IMG_Tintuc/Tintuc100627040727.jpg" />\r\n<br> \r\n\r\nMột chế độ ăn uống hợp lý, đầy đủ chất dinh dưỡng không chỉ có lợi cho sức khoẻ mà còn ảnh hưởng tốt đến làn da của bạn.\r\n<br>\r\n\r\nCác nhà khoa học đã đưa ra các loại vitamin và khoáng chất rất cần thiết cho mỗi bữa ăn của bạn, đồng thời còn là liều thuốc hữu hiệu cho làn da của mỗi người.\r\n<br>\r\nVitamin A hoà tan trong mỡ, rất cần thiết cho sự duy trì và hàn gắn các mô tế bào của làn da, làm da đỡ bị nhăn.Thức ăn giầu vitamin A: Lòng đỏ trứng, sò huyết, sữa không béo. Bạn cũng có thể tìm thấy vitamin A trong thực phẩm giầu Beta Carotin (chất chứa vitamin A) mà cơ thể bạn có thể chuyển hoá thành vitamin A như cà rốt, cà chua, khoai tây, dưa hấu, đu đủ, cải bông xanh và rau bina (spinash)\r\n<br>\r\nVitamin BCó tác dụng chuyển hoá calo thành năng lượng cho quá trình tái tạo của da và là thành phần của những enzim duy trì những chức năng bình thường của da (giữ da ẩm và trơn). Do đó nếu thiếu vitamin B sẽ dẫn đến khô và sạm da thức ăn giầu vitamin B: thịt gà, thịt vịt, cá, chuối, các loại hạt, trứng, lạc, bơ.\r\n<br>\r\nVitamin C. Khi được hấp thụ vitamin C sẽ duy trì collagen (lớp dưới tổ chức cấu trúc da) làm da có độ đàn hồi và căng da. Vì ánh nắng mặt trời và stress có thể làm cạn kiệt nguồn vitamin của da dẫn đến sự tổn thương da nên bạn cần bổ sung vitamin C hàng ngày.Thức ăn giàu vitamin C: Cam, quýt và nước hoa quả, dưa gang, dâu tây, đậu xanh.\r\n<br>\r\nVitamin E Đây là chất chống oxy hoá, làm chậm quá trình lão hoá của da bằng cách hạn chế sự sản xuất của một loại enzim có tên colagenase là nguyên nhân dẫn đến sự xuất hiện của những nếp nhăn.Thức ăn giầu vitamin E:Cá hồi, cây họ đậu, thịt sườn, quả hạnh nhân, dầu ôliu và rau xanh.\r\n<br>\r\nKhoáng Selenium: Đây là khoáng có tác dụng ngăn cản sự xâm nhập của tia cực tím (UV), làm giảm nguy cơ từ ánh nắng mặt trời. Trong thực tế nếu nồng độ Selenium trong máu thấp sẽ làm tăng nguy cơ ung thư ganThức ăn giầu selenium: Cá thu, lúa mầm, hạt vừng, và tất cả những cây họ hạtKẽmKhoáng chất này duy trì collagen và các thớ sợi co giãn của da tạo cho da sự vững chắc, chống trùng da và nhăn da, tăng sự đàn hồi của da. Kẽm kết hợp với acid amino cần thiết cho sự hình thành của collagen, cần thiết trong việc làm lành các vết thương ngoài da thức ăn giầu kẽm: Hải sản, gà tây, thịt lợn, đậu tương và nấm.\r\n<br>\r\n', '2010-06-27 04:07:27'),
(7, '/image/IMG_Tintuc/Tintuc100626102547.jpg', 'Những tác dụng vô cùng tuyệt vời từ trái cây ', ' <img align="middle" src="image/IMG_tintuc/Tintuc100626102547.jpg" />\r\n<br>\r\n \r\n\r\n\r\nTrái cây, “mỏ vàng” của các loại vitamin, khoáng chất và chất xơ và là nguồn thức ăn tốt được khuyên ăn ít nhất 4-5 phần mỗi ngày. Chứa nhiều nước nhất và hoàn toàn không có cholesterol xấu, trái cây tươi là nguồn thức ăn dễ hấp thu vitamin và khoáng chất nhất cho cơ thể. ', '2010-06-26 10:25:47'),
(10, 'image/IMG_Tintuc/Tintuc100627042119.jpg', '“Hữu xạ tự nhiên hương”', 'Chẳng ai nghiên cứu được loài hoa nào ngát hương nhất, cũng chưa ai đo được sắc đẹp cụ thể của từng loài hoa. Chỉ có hương hoa tự nhiên - “hữu xạ tự nhiên hương” - tự khẳng định giá trị hương sắc của mình.\r\nMỗi chúng ta đều có cảm nhận riêng về vẻ đẹp, để rồi yêu thích từng loài hoa cụ thể. Nhưng trong cái riêng ấy vẫn tồn tại cảm xúc chung mỗi khi nhìn thấy vườn hoa đồng loạt bung nở.\r\n\r\n<img align="middle" src="image/IMG_Tintuc/1277527410_1.jpg" />\r\n<br> \r\n\r\n<img align="middle" src="image/IMG_Tintuc/1277527410_4.jpg" />\r\n<br>\r\n\r\n \r\nPhía tây Hà Nội có một hồ sen nằm cạnh Hồ Tây. Có lẽ đây là hồ sen cuối cùng còn sót lại bên góc hồ nội thành. Trong đầm sen, cò trắng kéo về nhảy vũ điệu thiên nhiên, đôi trai gái ai cũng muốn thưởng thức hương sen trong đầm để mình đẹp hơn nhờ vẻ đẹp vốn thuần khiết của loài hoa.\r\n<br>\r\nTrong dân dã, nhiều người thích sen, có phải vì sen đẹp hay vì tính hữu dụng của nó! Gương sen để lấy hạt, tâm sen dùng làm thuốc, nhụy sen dùng ướp trà, ngó sen là món ẩm thực hàn nhiệt, lá sen dùng để ủ cho mâm xôi thêm ngát… hay vì sen đã tồn tại vẻ đẹp riêng trong tâm thức người dân Việt từ đồng bằng lớn nhất Việt Nam là “Tháp Mười đẹp nhất bông sen”, để rồi chẳng cần ai ca ngợi, sen cứ “hữu xạ tự nhiên hương”.\r\nTrong khi người quan tâm đang còn bàn bạc sôi nổi và người yêu thiên nhiên đợi chờ một niềm vui mới, loài hoa nào sẽ được chọn làm biểu trưng cho quốc hoa của dân tộc, làm sứ giả văn hóa của đất nước thì cũng đúng vào độ sen nở. Chúng tôi xin dành cho bạn đọc yêu thiên nhiên và hương sắc thanh khiết vốn có của loài sen, những hình ảnh ghi lại ở một hồ sen cuối cùng còn sót lại trong lòng Hà Nội.\r\n<br>\r\n<img align="middle" src="image/IMG_Tintuc/1277527411_10.jpg" />\r\n<br> \r\n\r\n<img align="middle" src="image/IMG_Tintuc/1277527410_2.jpg" />\r\n<br> ', '2010-06-27 04:21:19'),
(11, 'image/IMG_Tintuc/Tintuc100627043059.jpg', 'Cá nóc chứa chất độc gây tử vong.', '      Trong thịt cá nóc có chứa một chất độc có thể gây tử vong, do đó nếu chế biến cá nóc không đúng phương pháp thì cá nóc trở thành một thức ăn sát thương. Trong cá nóc có chứa chất độc tetrodotoxin tại các cơ quan nội tạng của nó, đặc biệt là tại gan và buồng trứng và thậm chí là cả da. Khi ăn phải chất độc này, các cơ bắp sẽ rơi vào trạng thái bị tê liệt trong khi nạn nhân vẫn hoàn toàn tỉnh táo, nhưng có thể nạn nhân sẽ bị tử vong vì ngạt thở.\r\n<br>\r\n<img align="middle" src="image/IMG_tintuc/Tintuc100627043059.jpg" />\r\n<br>\r\n\r\n\r\n      Vào năm 2008, dựa theo những kết quả nghiên cứu, các nhà khoa học đã triển khai cho nông dân nuôi loại cá nóc phi nọc độc. Usuki, một địa phương thuộc quận Ôita (Nhật Bản) đã trở thành nơi chuyên bán cá nóc phi nọc độc nổi tiếng ở Nhật Bản. Điều cần biết là ruột, buồng trứng và gan của cá nóc có chứa chất độc tetrodotoxin có hàm lượng mạnh gấp 1.200 lần so với chất độc xyanua.\r\n \r\nChỉ cần một con cá nóc mang nọc độc thôi cũng đủ khả năng tiêu diệt 30 người cùng lúc. Do bởi quá nguy hiểm, mà các đầu bếp ở Nhật Bản bắt buộc phải theo một khoá học kéo dài ba năm và phải có giấy chứng nhận chế biến cá nóc đạt yêu cầu mới được hành nghề, một đĩa cá nóc thành phẩm có giá không dưới 200 USD.\r\n \r\nDù nguy hiểm, nhưng dân Nhật Bản vẫn là “điếc không sợ súng”, khoảng 40 loại cá nóc được đánh bắt ở Nhật Bản và trung bình mỗi năm, dân Nhật Bản tiêu thụ sơ sơ… 10.000 tấn cá nóc.', '2010-06-27 04:30:59');

-- --------------------------------------------------------

--
-- Table structure for table `user`
--

CREATE TABLE IF NOT EXISTS `user` (
  `username` varchar(30) COLLATE utf8_unicode_ci NOT NULL,
  `password` varchar(30) COLLATE utf8_unicode_ci NOT NULL,
  `insert` bit(1) NOT NULL DEFAULT b'0',
  `update` bit(1) NOT NULL DEFAULT b'0',
  `delete` bit(1) NOT NULL DEFAULT b'0',
  PRIMARY KEY (`username`)
) ENGINE=MyISAM DEFAULT CHARSET=utf8 COLLATE=utf8_unicode_ci;

--
-- Dumping data for table `user`
--

INSERT INTO `user` (`username`, `password`, `insert`, `update`, `delete`) VALUES
('admin', 'admin', b'0', b'0', b'0'),
('tien', '12345', b'0', b'0', b'0');

-- --------------------------------------------------------

--
-- Table structure for table `yk_douong`
--

CREATE TABLE IF NOT EXISTS `yk_douong` (
  `MaYK` int(11) NOT NULL AUTO_INCREMENT,
  `MaDU` int(11) NOT NULL,
  `MaKH` int(11) NOT NULL,
  `Tieude` varchar(200) COLLATE utf8_unicode_ci DEFAULT NULL,
  `Noidung` text COLLATE utf8_unicode_ci,
  `Ngayviet` datetime NOT NULL,
  PRIMARY KEY (`MaYK`)
) ENGINE=MyISAM DEFAULT CHARSET=utf8 COLLATE=utf8_unicode_ci AUTO_INCREMENT=1 ;

--
-- Dumping data for table `yk_douong`
--


-- --------------------------------------------------------

--
-- Table structure for table `yk_monan`
--

CREATE TABLE IF NOT EXISTS `yk_monan` (
  `MaYK` int(11) NOT NULL AUTO_INCREMENT,
  `MaMA` int(11) NOT NULL,
  `MaKH` int(11) NOT NULL,
  `Tieude` varchar(200) COLLATE utf8_unicode_ci NOT NULL,
  `Noidung` text COLLATE utf8_unicode_ci,
  `Ngayviet` datetime NOT NULL,
  PRIMARY KEY (`MaYK`)
) ENGINE=MyISAM  DEFAULT CHARSET=utf8 COLLATE=utf8_unicode_ci AUTO_INCREMENT=16 ;

--
-- Dumping data for table `yk_monan`
--

